,Name,Position,Team,Pts,GWs,Mins Pts,G,A,CS,YC,RC,OG,PenMiss,Saves Pts,PenSave,Bonus,2GC
<<<<<<< HEAD
0,Ander Iru,GK,Athletic Club,0,21,0,0,0,0,0,0,0,0,0,0,0,0
1,Alex Padilla,GK,Athletic Club,0,21,0,0,0,0,0,0,0,0,0,0,0,0
2,Julen Agirrezabala,GK,Athletic Club,0,21,0,0,0,0,0,0,0,0,0,0,0,0
3,Unai Simon,GK,Athletic Club,81,21,42,0,0,8,1,0,0,0,8,0,7,7
4,Jon Sillero,DEF,Athletic Club,0,21,0,0,0,0,0,0,0,0,0,0,0,0
5,Aitor Casamichana,DEF,Athletic Club,2,21,2,0,0,0,0,0,0,0,0,0,0,0
6,Alex Petxa,DEF,Athletic Club,0,21,0,0,0,0,0,0,0,0,0,0,0,0
7,Peru Esnal,DEF,Athletic Club,0,21,0,0,0,0,0,0,0,0,0,0,0,0
8,Inigo Lekue,DEF,Athletic Club,42,21,28,0,1,3,1,0,0,0,0,0,2,2
9,Mikel Balenziaga,DEF,Athletic Club,0,21,1,0,0,0,0,0,0,0,0,0,0,1
10,Oscar De Marcos,DEF,Athletic Club,74,21,38,0,4,7,3,0,0,0,0,0,3,4
11,Ander Capa,DEF,Athletic Club,2,21,2,0,0,0,0,0,0,0,0,0,0,0
12,Daniel Vivian,DEF,Athletic Club,55,21,29,1,0,6,4,0,0,0,0,0,3,3
13,Yeray Alvarez,DEF,Athletic Club,78,21,36,1,1,8,3,1,0,0,0,0,12,5
14,Yuri Berchiche,DEF,Athletic Club,35,21,21,0,0,5,4,1,0,0,0,0,5,4
15,Inigo Martinez,DEF,Athletic Club,20,21,18,0,0,2,1,0,0,0,0,0,0,5
16,Jon Morcillo,MID,Athletic Club,12,21,9,0,1,0,0,0,0,0,0,0,0,0
17,Oier Zarraga,MID,Athletic Club,16,21,18,0,0,1,3,0,0,0,0,0,0,0
18,Nico Serrano,MID,Athletic Club,0,21,0,0,0,0,0,0,0,0,0,0,0,0
19,Mikel Vesga,MID,Athletic Club,57,21,35,2,2,7,3,0,0,0,0,0,2,0
20,Dani Garcia,MID,Athletic Club,22,21,19,0,1,2,2,0,0,0,0,0,0,0
21,Unai Vencedor,MID,Athletic Club,4,21,6,0,0,0,2,0,0,0,0,0,0,0
22,Alex Berenguer,MID,Athletic Club,64,21,35,3,1,5,0,0,0,0,0,0,6,0
23,Iker Munian,MID,Athletic Club,45,21,30,0,2,5,1,0,0,0,0,0,5,0
24,Malcom Ares,FWD,Athletic Club,1,21,1,0,0,0,0,0,0,0,0,0,0,0
25,Luis Bilbao,FWD,Athletic Club,0,21,0,0,0,0,0,0,0,0,0,0,0,0
26,Gorka Guruzeta,FWD,Athletic Club,43,21,18,5,0,0,1,0,0,0,0,0,6,0
27,Asier Villalibre,FWD,Athletic Club,5,21,5,0,0,0,0,0,0,0,0,0,0,0
28,Oihan Sancet,FWD,Athletic Club,67,21,37,7,0,4,2,0,0,0,0,0,4,0
29,Raul Garcia,FWD,Athletic Club,33,21,24,1,2,1,1,0,0,0,0,0,0,0
30,Nico Williams,MID,Athletic Club,78,21,40,4,4,0,1,0,0,0,0,0,7,0
31,Inaki Williams,FWD,Athletic Club,69,21,36,5,2,0,0,0,0,1,0,0,9,0
32,Jan Oblak,GK,Atletico Madrid,77,21,38,0,0,8,1,0,0,0,8,0,3,3
33,Antonio Gomis,GK,Atletico Madrid,0,21,0,0,0,0,0,0,0,0,0,0,0,0
34,Ivo Grbic,GK,Atletico Madrid,6,21,6,0,0,0,1,0,0,0,1,0,0,0
35,Mario Hermoso,DEF,Atletico Madrid,33,21,15,2,0,3,1,2,0,0,0,0,1,0
36,Stefan Savic,DEF,Atletico Madrid,38,21,28,0,0,5,3,2,0,0,0,0,0,1
37,Felipe,DEF,Atletico Madrid,4,21,5,0,0,0,0,0,0,0,0,0,0,1
38,Reinildo,DEF,Atletico Madrid,65,21,40,0,0,7,4,0,0,0,0,0,4,3
39,Santiago Arias,DEF,Atletico Madrid,0,21,0,0,0,0,0,0,0,0,0,0,0,0
40,Renan Lodi,DEF,Atletico Madrid,0,21,0,0,0,0,0,0,0,0,0,0,0,0
41,Jose Gimenez,DEF,Atletico Madrid,40,21,23,0,0,5,5,0,0,0,0,0,2,0
42,Daniel Wass,MID,Atletico Madrid,0,21,0,0,0,0,0,0,0,0,0,0,0,0
43,Geoffrey Kondogbia,MID,Atletico Madrid,38,21,26,0,2,3,4,0,0,0,0,0,7,0
44,Nahuel Molina,DEF,Atletico Madrid,53,21,33,0,1,6,4,1,0,0,0,0,2,2
45,Thomas Lemar,MID,Atletico Madrid,32,21,20,0,2,3,0,0,0,0,0,0,3,0
46,Koke,MID,Atletico Madrid,42,21,30,0,2,7,3,0,0,0,0,0,2,0
47,Axel Witsel,MID,Atletico Madrid,34,21,32,0,0,4,2,0,0,0,0,0,0,1
48,Marcos Llorente,MID,Atletico Madrid,39,21,26,1,0,5,1,0,0,0,0,0,4,0
49,Yannick Carrasco,MID,Atletico Madrid,34,21,27,1,0,1,1,0,0,0,0,0,2,0
50,Saul Niguez,MID,Atletico Madrid,26,21,21,1,1,2,7,0,0,0,0,0,2,0
51,Rodrigo De Paul,MID,Atletico Madrid,51,21,27,1,2,4,2,0,0,0,0,0,11,0
52,Carlos Martin,FWD,Atletico Madrid,0,21,0,0,0,0,0,0,0,0,0,0,0,0
53,Marcos Paulo,FWD,Atletico Madrid,0,21,0,0,0,0,0,0,0,0,0,0,0,0
54,Matheus Cunha,FWD,Atletico Madrid,18,21,14,0,2,0,2,0,0,0,0,0,0,0
55,Angel Correa,FWD,Atletico Madrid,51,21,29,5,0,0,1,0,0,0,0,0,3,0
56,Alvaro Morata,FWD,Atletico Madrid,74,21,35,7,1,0,3,0,0,0,0,0,11,0
57,Joao Felix,FWD,Atletico Madrid,47,21,21,4,3,0,5,0,0,0,0,0,6,0
58,Antoine Griezmann,FWD,Atletico Madrid,96,21,34,6,6,0,0,0,0,0,0,0,20,0
59,Aitor Fernandez,GK,Osasuna,51,21,22,0,0,5,1,0,0,0,7,0,5,2
60,Sergio Herrera,GK,Osasuna,27,21,20,0,0,2,3,0,0,0,4,0,1,3
61,Jorge Herrando,DEF,Osasuna,0,21,0,0,0,0,0,0,0,0,0,0,0,0
62,Jesus Areso,DEF,Osasuna,0,21,0,0,0,0,0,0,0,0,0,0,0,0
63,Juan Cruz,DEF,Osasuna,41,21,33,0,0,4,5,0,0,0,0,0,2,5
64,Unai Garcia,DEF,Osasuna,40,21,31,0,1,4,6,1,0,0,0,0,3,4
65,Ruben Pena,DEF,Osasuna,24,21,18,0,1,2,1,1,0,0,0,0,0,1
66,Aridane Hernandez,DEF,Osasuna,25,21,10,0,0,3,0,0,0,0,0,0,3,0
67,Nacho Vidal,DEF,Osasuna,26,21,21,0,0,2,2,0,0,0,0,0,1,2
68,Manuel Sanchez,DEF,Osasuna,42,21,25,0,1,4,1,0,0,0,0,0,0,1
69,David Garcia,DEF,Osasuna,59,21,36,1,0,6,6,1,0,0,0,0,6,4
70,Iker Benito,MID,Osasuna,0,21,0,0,0,0,0,0,0,0,0,0,0,0
71,Aimar Oroz,MID,Osasuna,46,21,26,3,1,4,3,0,0,0,0,0,1,0
72,Robert Ibanez,MID,Osasuna,0,21,0,0,0,0,0,0,0,0,0,0,0,0
73,Javi Martinez,MID,Osasuna,0,21,0,0,0,0,0,0,0,0,0,0,0,0
74,Darko Brasanac,MID,Osasuna,31,21,25,1,1,2,4,0,0,0,0,0,0,0
75,Roberto Torres,MID,Osasuna,2,21,2,0,0,0,0,0,0,0,0,0,0,0
76,Kike Saverio,MID,Osasuna,0,21,0,0,0,0,0,0,0,0,0,0,0,0
77,Lucas Torro,MID,Osasuna,39,21,37,0,0,7,6,0,0,0,0,0,1,0
78,Jon Moncayola,MID,Osasuna,35,21,34,0,0,3,3,0,0,0,0,0,1,0
79,Moi Gomez,MID,Osasuna,73,21,40,1,2,7,3,0,0,0,0,0,18,0
80,Ruben Garcia,MID,Osasuna,37,21,22,1,2,2,2,0,0,0,0,0,4,0
81,Barbero,FWD,Osasuna,0,21,0,0,0,0,0,0,0,0,0,0,0,0
82,Kike Barja,FWD,Osasuna,22,21,15,1,1,2,0,0,0,0,0,0,0,0
83,Kike Garcia,FWD,Osasuna,33,21,24,2,0,0,3,0,0,0,0,0,4,0
84,Chimy,FWD,Osasuna,67,21,34,7,2,0,6,1,0,1,0,0,10,0
85,Ante Budimir,FWD,Osasuna,37,21,29,2,0,0,2,0,0,0,0,0,2,0
86,David Gil,GK,Cadiz,0,21,0,0,0,0,0,0,0,0,0,0,0,0
87,Jeremias Ledesma,GK,Cadiz,104,21,42,0,0,7,0,0,0,0,23,1,19,13
88,Mamadou Mbaye,DEF,Cadiz,16,21,12,0,0,2,0,0,0,0,0,0,0,4
89,Karl Eyong,DEF,Cadiz,0,21,0,0,0,0,0,0,0,0,0,0,0,0
90,Juan Cala,DEF,Cadiz,0,21,0,0,0,0,0,0,0,0,0,0,0,0
91,Isaac Carcelen,DEF,Cadiz,38,21,25,0,0,5,2,2,0,0,0,0,6,5
92,Luis Hernandez,DEF,Cadiz,48,21,38,0,0,6,3,1,0,0,0,0,4,12
93,Joseba Zaldua,DEF,Cadiz,8,21,16,0,1,0,4,0,0,0,0,0,0,7
94,Fali,DEF,Cadiz,28,21,23,0,0,3,4,0,0,0,0,0,2,5
95,Santiago Arzamendia,DEF,Cadiz,15,21,11,0,0,1,0,0,0,0,0,0,0,0
96,Alfonso Espino,DEF,Cadiz,59,21,41,0,3,6,5,0,0,0,0,0,2,12
97,Victor Chust,DEF,Cadiz,25,21,20,1,0,2,3,0,0,0,0,0,1,7
98,Jon Garrido,MID,Cadiz,0,21,0,0,0,0,0,0,0,0,0,0,0,0
99,Martin Calderon,MID,Cadiz,0,21,0,0,0,0,0,0,0,0,0,0,0,0
100,Jorge Pombo,MID,Cadiz,0,21,0,0,0,0,0,0,0,0,0,0,0,0
101,Jose Mari,MID,Cadiz,11,21,13,0,0,0,2,0,0,0,0,0,0,0
102,Alberto Perea,MID,Cadiz,1,21,1,0,0,0,0,0,0,0,0,0,0,0
103,Ivan Alejo,MID,Cadiz,18,21,23,0,1,2,7,1,0,0,0,0,0,0
104,Alex Fernandez,MID,Cadiz,58,21,31,3,0,6,0,0,0,0,0,0,6,0
105,Ruben Alcaraz,MID,Cadiz,31,21,26,1,0,4,4,1,0,0,0,0,3,0
106,Awer Mabil,MID,Cadiz,6,21,6,0,0,0,0,0,0,0,0,0,0,0
107,Tomas Alarcon,MID,Cadiz,3,21,6,0,0,0,0,1,0,0,0,0,0,0
108,Ivan Chapela,FWD,Cadiz,0,21,0,0,0,0,0,0,0,0,0,0,0,0
109,Mamady Diarra,FWD,Cadiz,3,21,3,0,0,0,0,0,0,0,0,0,0,0
110,Milutin Osmajic,FWD,Cadiz,0,21,0,0,0,0,0,0,0,0,0,0,0,0
111,Alvaro Gimenez,FWD,Cadiz,1,21,1,0,0,0,0,0,0,0,0,0,0,0
112,Ruben Sobrino,FWD,Cadiz,32,21,30,1,1,3,5,0,0,0,0,0,0,0
113,Anthony Lozano,FWD,Cadiz,27,21,30,0,0,0,3,0,0,0,0,0,0,0
114,Alvaro Negredo,FWD,Cadiz,30,21,17,1,2,0,0,0,0,0,0,0,3,0
115,Lucas Perez,FWD,Cadiz,32,21,19,3,0,0,2,0,0,0,0,0,3,0
116,Axel Werner,GK,Elche,0,21,0,0,0,0,0,0,0,0,0,0,0,0
117,Edgar Badia,GK,Elche,66,21,42,0,0,0,2,0,0,0,24,2,8,16
118,Josema,DEF,Elche,0,21,0,0,0,0,0,0,0,0,0,0,0,0
119,Diego Gonzalez,DEF,Elche,7,21,18,0,0,0,5,0,0,0,0,0,0,6
120,Pedro Bigas,DEF,Elche,12,21,30,0,0,0,2,2,0,0,0,0,0,12
121,Gonzalo Verdu,DEF,Elche,11,21,13,1,0,0,1,2,0,0,0,0,3,4
122,Carlos Clerc,DEF,Elche,24,21,30,0,1,1,1,0,0,0,0,0,0,12
123,Helibelton Palacios,DEF,Elche,14,21,27,0,0,0,4,0,0,0,0,0,0,9
124,Enzo Roco,DEF,Elche,13,21,28,0,0,0,3,0,0,0,0,0,0,12
125,Johan Mojica,DEF,Villareal,23,21,20,0,0,1,2,0,0,0,0,0,3,2
126,Victor Rodriguez,MID,Elche,0,21,0,0,0,0,0,0,0,0,0,0,0,0
127,Branislav Knezevic,MID,Elche,0,21,0,0,0,0,0,0,0,0,0,0,0,0
128,Josan,MID,Elche,18,21,14,1,0,0,2,0,0,0,0,0,1,1
129,Tete Morente,MID,Elche,22,21,25,0,0,0,3,0,0,0,0,0,0,0
130,Gerard Gumbau,MID,Elche,37,21,33,0,3,0,7,0,0,0,0,0,2,0
131,Raul Guti,MID,Elche,20,21,21,0,0,0,1,0,0,0,0,0,0,0
132,Omar Mascarell,MID,Elche,30,21,35,0,0,0,5,0,0,0,0,0,0,0
133,Fidel,MID,Elche,13,21,13,0,1,0,4,0,0,0,0,0,1,0
134,Javier Pastore,MID,Elche,1,21,1,0,0,0,0,0,0,0,0,0,0,0
135,Mourad El Ghezouani,FWD,Elche,0,21,0,0,0,0,0,0,0,0,0,0,0,0
136,Pere Milla,FWD,Elche,61,21,31,6,1,0,4,0,0,0,0,0,7,0
137,Ezequiel Ponce,FWD,Elche,37,21,24,3,0,0,2,0,0,0,0,0,3,0
138,Roger Marti,FWD,Cadiz,26,21,25,0,1,0,2,0,0,0,0,0,0,0
139,Lucas Boye,FWD,Elche,38,21,33,1,2,0,3,1,0,1,0,0,3,0
140,Joan Garcia,GK,Espanyol,0,21,0,0,0,0,0,0,0,0,0,0,0,0
141,Benjamin Lecomte,GK,Espanyol,25,21,20,0,0,1,1,1,1,0,6,0,6,5
142,Wassim Keddari,DEF,Espanyol,0,21,0,0,0,0,0,0,0,0,0,0,0,0
143,Fernando Calero,DEF,Espanyol,33,21,30,0,0,2,2,0,0,0,0,0,0,3
144,Brian Olivan,DEF,Espanyol,64,21,39,1,5,3,5,0,0,0,0,0,7,10
145,Oscar Gil,DEF,Espanyol,40,21,30,0,1,3,6,0,0,0,0,0,5,4
146,Sergi Gomez,DEF,Espanyol,16,21,26,0,0,0,0,1,0,0,0,0,1,8
147,Tonny Vilhena,DEF,Espanyol,0,21,0,0,0,0,0,0,0,0,0,0,0,0
148,Leandro Cabrera,DEF,Espanyol,32,21,39,0,0,3,3,2,1,0,0,0,3,11
149,Adria Pedrosa,DEF,Espanyol,0,21,0,0,0,0,0,0,0,0,0,0,0,0
150,Aleix Vidal,DEF,Espanyol,22,21,22,0,0,1,4,0,0,0,0,0,0,0
151,Daniel Villahermosa,MID,Espanyol,0,21,0,0,0,0,0,0,0,0,0,0,0,0
152,Pol Lozano,MID,Espanyol,0,21,0,0,0,0,0,0,0,0,0,0,0,0
153,Nicolas Melamed,MID,Espanyol,14,21,16,0,0,0,2,0,0,0,0,0,0,0
154,Adrian Embarba,MID,Espanyol,43,21,24,1,3,2,3,1,0,0,0,0,9,0
155,Vinicius Souza,MID,Espanyol,39,21,38,0,0,2,6,1,0,0,0,0,8,0
156,Keidi Bare,MID,Espanyol,12,21,12,0,0,0,0,0,0,0,0,0,0,0
157,Sergi Darder,MID,Espanyol,80,21,42,3,1,2,2,0,0,0,0,0,20,0
158,Matias Vargas,MID,Espanyol,0,21,0,0,0,0,0,0,0,0,0,0,0,0
159,Javi Puado,MID,Espanyol,48,21,31,3,1,2,3,0,0,0,0,0,0,0
160,Jofre,FWD,Espanyol,0,21,0,0,0,0,0,0,0,0,0,0,0,0
161,Kenneth Soler,FWD,Espanyol,0,21,0,0,0,0,0,0,0,0,0,0,0,0
162,Luca Koleosho,FWD,Espanyol,2,21,2,0,0,0,0,0,0,0,0,0,0,0
163,Juan Camilo Becerra,FWD,Espanyol,0,21,0,0,0,0,0,0,0,0,0,0,0,0
164,Nabil Touaizi,FWD,Espanyol,1,21,1,0,0,0,0,0,0,0,0,0,0,0
165,Landry Dimata,FWD,Espanyol,0,21,0,0,0,0,0,0,0,0,0,0,0,0
166,Joselu,FWD,Espanyol,103,21,38,11,2,0,2,0,0,0,0,0,17,0
167,Wu Lei,FWD,Espanyol,0,21,0,0,0,0,0,0,0,0,0,0,0,0
168,Raul De Tomas,FWD,Rayo Vallecano,1,21,3,0,0,0,0,0,0,1,0,0,0,0
169,Inaki Pena,GK,FC Barcelona,0,21,0,0,0,0,0,0,0,0,0,0,0,0
170,Ter Stegen,GK,FC Barcelona,118,21,42,0,0,16,0,0,0,0,6,0,7,1
171,Alejandro Balde,DEF,FC Barcelona,87,21,34,0,4,11,2,0,0,0,0,0,0,1
172,Sergi Roberto,DEF,FC Barcelona,41,21,17,2,0,3,1,0,0,0,0,0,2,1
173,Andreas Christensen,DEF,FC Barcelona,47,21,20,0,1,5,2,0,0,0,0,0,6,0
174,Samuel Umtiti,DEF,FC Barcelona,0,21,0,0,0,0,0,0,0,0,0,0,0,0
175,Eric Garcia,DEF,FC Barcelona,39,21,17,1,0,4,2,0,0,0,0,0,3,1
176,Jules Kounde,DEF,FC Barcelona,81,21,27,0,2,11,1,0,1,0,0,0,8,1
177,Sergino Dest,DEF,FC Barcelona,0,21,0,0,0,0,0,0,0,0,0,0,0,0
178,Ronald Araujo,DEF,FC Barcelona,59,21,22,0,1,9,5,0,0,0,0,0,3,0
179,Jordi Alba,DEF,FC Barcelona,71,21,24,1,3,7,2,1,0,0,0,0,9,0
180,Gerard Pique,DEF,FC Barcelona,25,21,10,0,0,4,3,0,0,0,0,0,2,0
181,Pablo Torre,MID,FC Barcelona,0,21,0,0,0,0,0,0,0,0,0,0,0,0
182,Miralem Pjanic,MID,FC Barcelona,0,21,0,0,0,0,0,0,0,0,0,0,0,0
183,Franck Kessie,MID,FC Barcelona,18,21,16,0,1,2,3,0,0,0,0,0,0,0
184,Sergio Busquets,MID,FC Barcelona,42,21,31,0,1,11,4,1,0,0,0,0,4,0
185,Gavi,MID,FC Barcelona,56,21,34,1,2,12,4,0,0,0,0,0,3,0
186,Raphinha,MID,FC Barcelona,91,21,32,4,4,11,3,0,0,0,0,0,19,0
187,Pedri,MID,FC Barcelona,101,21,40,6,0,14,2,0,0,0,0,0,19,0
188,Frenkie De Jong,MID,FC Barcelona,59,21,31,2,1,8,1,0,0,0,0,0,8,0
189,Martin Braithwaite,FWD,Espanyol,51,21,31,5,1,0,3,1,0,0,0,0,3,0
190,Ferran Torres,FWD,FC Barcelona,24,21,23,2,0,0,4,1,0,0,0,0,0,0
191,Memphis Depay,FWD,Atletico Madrid,12,21,5,2,0,0,1,0,0,0,0,0,0,0
192,Pierre-Emerick Aubameyang,FWD,FC Barcelona,1,21,1,0,0,0,0,0,0,0,0,0,0,0
193,Ousmane Dembele,FWD,FC Barcelona,68,21,30,5,5,1,4,0,0,0,0,0,7,0
194,Ansu Fati,FWD,FC Barcelona,46,21,25,3,3,0,2,0,0,0,0,0,2,0
195,Robert Lewandowski,FWD,FC Barcelona,121,21,34,14,5,1,0,1,0,1,0,0,21,0
196,Diego Conde,GK,Getafe,0,21,0,0,0,0,0,0,0,0,0,0,0,0
197,David Soria,GK,Getafe,102,21,42,0,0,6,1,0,0,0,16,3,14,8
198,Gaston Alvarez,DEF,Getafe,31,21,17,2,0,2,3,1,0,0,0,0,1,1
199,Juan Iglesias,DEF,Getafe,45,21,32,1,0,4,4,0,0,0,0,0,2,7
200,Amankwaa Akurugu,DEF,Getafe,0,21,0,0,0,0,0,0,0,0,0,0,0,0
201,Fabrizio Angileri,DEF,Getafe,3,21,12,0,0,0,2,1,0,0,0,0,0,4
202,Stefan Mitrovic,DEF,Getafe,35,21,25,0,0,4,3,0,0,0,0,0,0,3
203,Damian Suarez,DEF,Getafe,37,21,23,1,0,3,2,0,0,0,0,0,1,3
204,Domingos Duarte,DEF,Getafe,53,21,39,0,2,5,7,0,1,0,0,0,5,8
205,Djene,DEF,Getafe,47,21,35,0,0,5,5,0,0,0,0,0,4,7
206,Angel Algobia,MID,Getafe,22,21,23,0,0,1,2,0,0,0,0,0,0,0
207,Jaime Seoane,MID,Getafe,14,21,13,0,0,1,0,0,0,0,0,0,0,0
208,Jakub Jankto,MID,Getafe,0,21,0,0,0,0,0,0,0,0,0,0,0,0
209,Luis Milla,MID,Getafe,35,21,28,0,0,4,1,1,0,0,0,0,7,0
210,Portu,MID,Getafe,28,21,24,0,2,3,2,1,0,0,0,0,0,0
211,Mauro Arambarri,MID,Getafe,15,21,16,0,1,2,1,1,1,0,0,0,0,0
212,Nemanja Maksimovic,MID,Getafe,20,21,18,0,0,2,0,0,0,0,0,0,0,0
213,Carles Alena,MID,Getafe,50,21,36,2,2,6,8,1,0,0,0,0,3,0
214,John Joe Patrick Finn,FWD,Getafe,0,21,0,0,0,0,0,0,0,0,0,0,0,0
215,Jaime Mata,FWD,Getafe,4,21,6,0,0,0,2,0,0,0,0,0,0,0
216,Borja Mayoral,FWD,Getafe,54,21,42,4,0,0,3,0,0,2,0,0,3,0
217,Enes Unal,FWD,Getafe,88,21,42,7,3,0,4,0,0,1,0,0,15,0
218,Juan Carlos,GK,Girona,22,21,20,0,0,0,0,0,0,0,5,0,2,5
219,Biel Farres,DEF,Girona,0,21,0,0,0,0,0,0,0,0,0,0,0,0
220,Eric Monjonell,DEF,Girona,0,21,0,0,0,0,0,0,0,0,0,0,0,0
221,Juanpe,DEF,Girona,11,21,17,0,0,0,3,0,0,0,0,0,0,3
222,Santiago Bueno,DEF,Girona,38,21,40,0,1,1,2,1,0,0,0,0,4,8
223,Arnau Martinez,DEF,Girona,35,21,32,2,1,0,6,0,0,0,0,0,1,7
224,Bernardo Espinos,DEF,Girona,20,21,21,0,1,1,3,0,0,0,0,0,0,5
225,Miguel Gutierrez,DEF,Girona,40,21,37,0,2,2,5,0,0,0,0,0,1,7
226,Ramon Terrats,MID,Girona,10,21,10,0,0,0,0,0,0,0,0,0,0,0
227,Ibrahim Kebe,MID,Girona,0,21,0,0,0,0,0,0,0,0,0,0,0,0
228,Ivan Martin,MID,Girona,27,21,15,2,0,1,0,0,0,0,0,0,1,0
229,Valery Fernandez,MID,Girona,29,21,20,0,2,2,1,0,0,0,0,0,2,0
230,Borja Garcia,MID,Girona,9,21,3,1,0,1,0,0,0,0,0,0,0,0
231,David Lopez,MID,Girona,42,21,22,2,1,0,3,0,0,0,0,0,10,2
232,Aleix Garcia,MID,Girona,83,21,42,0,4,1,1,0,0,0,0,0,29,0
233,Rodrigo Riquelme,MID,Girona,48,21,30,3,1,0,0,0,0,0,0,0,0,0
234,Yan Couto,MID,Girona,24,21,20,0,1,0,1,0,0,0,0,0,2,0
235,Yangel Herrera,MID,Girona,38,21,23,2,2,0,2,0,0,0,0,0,1,0
236,Joel Roca,FWD,Girona,2,21,2,0,0,0,0,0,0,0,0,0,0,0
237,Pau Victor,FWD,Girona,0,21,0,0,0,0,0,0,0,0,0,0,0,0
238,Oscar Urena,FWD,Girona,3,21,3,0,0,0,0,0,0,0,0,0,0,0
239,Samu Saiz,FWD,Girona,17,21,9,2,0,0,1,0,0,0,0,0,1,0
240,Christhian Stuani,FWD,Girona,38,21,23,5,0,0,5,0,0,1,0,0,2,0
241,Valentin Castellanos,FWD,Girona,51,21,39,4,0,1,6,0,0,0,0,0,2,0
242,Stole Dimitrievski,GK,Rayo Vallecano,90,21,40,0,0,8,3,0,0,0,12,0,16,7
243,Diego Lopez,GK,Rayo Vallecano,1,21,2,0,0,0,0,0,0,0,0,0,0,1
244,Mario Hernandez,DEF,Rayo Vallecano,0,21,0,0,0,0,0,0,0,0,0,0,0,0
245,Esteban Saveljich,DEF,Rayo Vallecano,0,21,0,0,0,0,0,0,0,0,0,0,0,0
246,Mario Suarez,DEF,Rayo Vallecano,1,21,1,0,0,0,0,0,0,0,0,0,0,0
247,Ivan Balliu,DEF,Rayo Vallecano,58,21,40,0,0,8,4,0,2,0,0,0,1,8
248,Florian Lejeune,DEF,Rayo Vallecano,80,21,36,3,0,7,2,1,0,0,0,0,10,7
249,Alejandro Catena,DEF,Rayo Vallecano,72,21,40,1,1,8,6,0,0,0,0,0,4,7
250,Fran Garcia,DEF,Rayo Vallecano,73,21,42,0,2,8,0,0,0,0,0,0,1,8
251,Ruben de Tomas,MID,Rayo Vallecano,0,21,0,0,0,0,0,0,0,0,0,0,0,0
252,Jose Pozo,MID,Rayo Vallecano,6,21,6,0,0,0,0,0,0,0,0,0,0,0
253,Salvi,MID,Rayo Vallecano,10,21,12,0,0,0,2,0,0,0,0,0,0,0
254,Oscar Valentin,MID,Rayo Vallecano,36,21,32,0,0,7,7,0,0,0,0,0,4,0
255,Unai Lopez,MID,Rayo Vallecano,43,21,26,1,2,4,1,0,0,0,0,0,3,0
256,Isi Palazon,MID,Rayo Vallecano,82,21,37,5,4,8,3,0,0,1,0,0,5,0
257,Bebe,MID,Rayo Vallecano,3,21,4,0,0,0,1,0,0,0,0,0,0,0
258,Santi Comesana,MID,Rayo Vallecano,44,21,32,1,0,8,3,0,0,0,0,0,2,0
259,Randy Nteka,MID,Elche,10,21,13,0,0,0,0,1,0,0,0,0,0,0
260,Ismaila Ciss,MID,Rayo Vallecano,36,21,27,1,0,3,4,0,0,0,0,0,5,0
261,Alvaro Garcia,MID,Rayo Vallecano,72,21,37,4,2,7,4,0,0,0,0,0,6,0
262,Oscar Trejo,MID,Rayo Vallecano,51,21,34,2,3,6,8,0,0,1,0,0,2,0
263,Sergio Moreno,FWD,Rayo Vallecano,0,21,0,0,0,0,0,0,0,0,0,0,0,0
264,Andres Martin,FWD,Rayo Vallecano,0,21,0,0,0,0,0,0,0,0,0,0,0,0
265,Lass Bangoura,FWD,Rayo Vallecano,0,21,0,0,0,0,0,0,0,0,0,0,0,0
266,Sergio Camello,FWD,Rayo Vallecano,75,21,39,5,3,0,1,0,0,0,0,0,8,0
267,Radamel Falcao,FWD,Rayo Vallecano,25,21,19,2,0,0,3,0,0,0,0,0,1,0
268,Ivan Villar,GK,Celta Vigo,2,21,2,0,0,0,0,0,0,0,0,0,0,0
269,Agustin Marchesin,GK,Celta Vigo,75,21,38,0,0,6,3,0,0,0,10,2,7,11
270,Carlos Dominguez,DEF,Celta Vigo,1,21,1,0,0,0,0,0,0,0,0,0,0,0
271,Kevin Vasquez,DEF,Celta Vigo,9,21,5,0,0,1,0,0,0,0,0,0,0,0
272,Hugo Mallo,DEF,Celta Vigo,32,21,29,0,0,4,4,0,0,0,0,0,0,9
273,Unai Nunez,DEF,Celta Vigo,49,21,38,0,0,6,5,0,1,0,0,0,4,10
274,Javi Galan,DEF,Celta Vigo,60,21,41,0,1,6,2,0,0,0,0,0,6,12
275,Joseph Aidoo,DEF,Celta Vigo,69,21,42,2,0,6,4,0,0,0,0,0,7,12
276,Oscar Mingueza,DEF,Celta Vigo,32,21,27,0,0,3,2,0,0,0,0,0,0,5
277,Gabriel Veiga,MID,Celta Vigo,69,21,32,6,2,4,4,1,0,0,0,0,4,0
278,Augusto Solari,MID,Celta Vigo,11,21,8,0,1,0,0,0,0,0,0,0,0,0
279,Miguel Baeza,MID,Celta Vigo,0,21,0,0,0,0,0,0,0,0,0,0,0,0
280,Luca De La Torre,MID,Celta Vigo,22,21,16,0,2,1,1,0,0,0,0,0,0,0
281,Williot Swedberg,MID,Celta Vigo,0,21,0,0,0,0,0,0,0,0,0,0,0,0
282,Fran Beltran,MID,Celta Vigo,43,21,39,0,1,4,3,0,0,0,0,0,0,0
283,Franco Cervi,MID,Celta Vigo,41,21,34,0,2,4,0,1,0,0,0,0,0,0
284,Oscar Rodriguez,MID,Celta Vigo,45,21,32,2,0,3,3,0,0,0,0,0,3,0
285,Denis Suarez,MID,Espanyol,2,21,2,0,0,0,0,0,0,0,0,0,0,0
286,Renato Tapia,MID,Celta Vigo,22,21,23,0,0,2,3,0,0,0,0,0,0,0
287,Goncalo Paciencia,FWD,Celta Vigo,15,21,16,1,0,0,2,1,0,0,0,0,0,0
288,Santi Mina,FWD,Celta Vigo,0,21,0,0,0,0,0,0,0,0,0,0,0,0
289,Carles Perez,FWD,Celta Vigo,34,21,26,0,3,1,1,0,0,0,0,0,0,0
290,Iago Aspas,FWD,Celta Vigo,99,21,40,9,3,0,3,0,0,1,0,0,19,0
291,Predrag Rajkovic,GK,Mallorca,93,21,42,0,0,8,2,0,0,0,11,1,11,6
292,Dominik Greif,GK,Mallorca,0,21,0,0,0,0,0,0,0,0,0,0,0,0
293,Toni Frau,DEF,Mallorca,0,21,0,0,0,0,0,0,0,0,0,0,0,0
294,Josep Gaya,DEF,Mallorca,0,21,0,0,0,0,0,0,0,0,0,0,0,0
295,Copete,DEF,Mallorca,54,21,31,0,0,6,5,0,0,0,0,0,6,2
296,Antonio Raillo,DEF,Mallorca,75,21,40,1,0,7,6,0,0,0,0,0,13,6
297,Brian Cufre,DEF,Mallorca,6,21,6,0,0,0,0,0,0,0,0,0,0,0
298,Jaume Costa,DEF,Mallorca,60,21,34,0,1,8,5,0,0,0,0,0,1,5
299,Franco Russo,DEF,Mallorca,2,21,2,0,0,0,0,0,0,0,0,0,0,0
300,Giovanni Gonzalez,DEF,Mallorca,28,21,9,0,1,4,1,0,0,0,0,0,1,0
301,Martin Valjent,DEF,Mallorca,56,21,36,0,0,7,7,0,0,0,0,0,4,5
302,Pablo Maffeo,DEF,Mallorca,60,21,36,1,2,5,4,1,0,0,0,0,5,6
303,Antonio Sanchez,MID,Mallorca,20,21,23,0,0,1,4,0,0,0,0,0,0,0
304,Inigo Ruiz de Galarreta,MID,Mallorca,32,21,31,0,0,6,6,0,0,0,0,0,1,0
305,Clement Grenier,MID,Mallorca,14,21,18,0,0,3,7,0,0,0,0,0,0,0
306,Dani Rodriguez,MID,Mallorca,47,21,34,1,2,7,5,0,0,0,0,0,0,0
307,Rodrigo Battaglia,MID,Mallorca,15,21,18,0,0,2,5,0,0,0,0,0,0,0
308,Jordi Mboula,MID,Mallorca,0,21,0,0,0,0,0,0,0,0,0,0,0,0
309,Iddrisu Baba,MID,Mallorca,25,21,26,0,0,3,4,0,0,0,0,0,0,0
310,Kang-in Lee,MID,Mallorca,71,21,38,2,3,6,6,0,0,0,0,0,14,0
311,Javi Llabres,FWD,Mallorca,1,21,1,0,0,0,0,0,0,0,0,0,0,0
312,Alex Alegria,FWD,Mallorca,0,21,0,0,0,0,0,0,0,0,0,0,0,0
313,Abdon Prats,FWD,Mallorca,19,21,14,1,0,0,0,0,0,0,0,0,1,0
314,Lago Junior,FWD,Mallorca,5,21,5,0,0,0,0,0,0,0,0,0,0,0
315,Amath Ndiaye,FWD,Mallorca,12,21,10,1,0,0,2,0,0,0,0,0,0,0
316,Angel Rodriguez,FWD,Mallorca,9,21,9,0,0,0,0,0,0,0,0,0,0,0
317,Matthew Hoppe,FWD,Mallorca,0,21,0,0,0,0,0,0,0,0,0,0,0,0
318,Vedat Muriqi,FWD,Mallorca,73,21,38,8,1,0,4,1,0,1,0,0,9,0
319,Rui Silva,GK,Real Betis,70,21,36,0,0,7,2,0,0,0,10,0,5,7
320,Claudio Bravo,GK,Real Betis,14,21,6,0,0,1,1,0,0,0,2,0,3,0
321,Felix Marti,DEF,Real Betis,6,21,2,0,0,1,0,0,0,0,0,0,0,0
322,Edgar Gonzalez,DEF,Real Betis,42,21,28,0,0,4,3,1,0,0,0,0,7,3
323,Martin Montoya,DEF,Real Betis,4,21,4,0,0,0,0,0,0,0,0,0,0,0
324,Victor Ruiz,DEF,Real Betis,12,21,10,0,0,1,0,0,0,0,0,0,0,2
325,Alex Moreno,DEF,Real Betis,60,21,30,0,3,6,1,0,0,0,0,0,1,3
326,Marc Bartra,DEF,Real Betis,0,21,0,0,0,0,0,0,0,0,0,0,0,0
327,Luiz Felipe,DEF,Real Betis,24,21,19,0,0,3,1,3,0,0,0,0,7,4
328,Juan Miranda,DEF,Real Betis,16,21,8,0,0,2,0,0,0,0,0,0,2,2
329,German Pezzella,DEF,Real Betis,51,21,33,0,0,6,2,2,0,0,0,0,7,5
330,Youssouf Sabaly,DEF,Real Betis,40,21,25,0,0,4,0,0,0,0,0,0,5,6
331,Aitor Ruibal,MID,Real Betis,25,21,24,0,0,3,3,0,0,0,0,0,1,0
332,Victor Camarasa,MID,Real Betis,0,21,0,0,0,0,0,0,0,0,0,0,0,0
333,Paul Akouokou,MID,Real Betis,7,21,8,0,0,1,2,0,0,0,0,0,0,0
334,Rodri Sanchez,MID,Real Betis,44,21,26,2,1,4,0,0,0,0,0,0,1,0
335,Juanmi,MID,Real Betis,33,21,16,3,0,2,3,0,0,0,0,0,3,0
336,Joaquin,MID,Real Betis,11,21,9,0,1,1,2,0,0,0,0,0,0,0
337,Luiz Henrique,MID,Real Betis,40,21,30,1,1,3,4,0,0,0,0,0,3,0
338,Sergio Canales,MID,Real Betis,58,21,34,3,1,5,2,1,0,0,0,0,6,0
339,Andres Guardado,MID,Real Betis,24,21,21,1,0,2,4,0,0,0,0,0,0,0
340,William Carvalho,MID,Real Betis,52,21,32,2,0,8,4,1,0,0,0,0,9,0
341,Guido Rodriguez,MID,Real Betis,37,21,34,0,0,6,4,0,0,0,0,0,1,0
342,Nabil Fekir,MID,Real Betis,35,21,21,2,2,5,5,1,0,0,0,0,1,0
343,Loren Moron,FWD,Real Betis,1,21,2,0,0,0,1,0,0,0,0,0,0,0
344,Borja Iglesias,FWD,Real Betis,87,21,37,9,3,0,0,1,0,0,0,0,8,0
345,Willian Jose,FWD,Real Betis,17,21,17,0,0,0,0,0,0,0,0,0,0,0
346,Andriy Lunin,GK,Real Madrid,29,21,12,0,0,3,0,0,0,0,2,0,3,0
347,Thibaut Courtois,GK,Real Madrid,58,21,30,0,0,4,0,0,0,0,10,0,4,2
348,Vinicius Tobias,DEF,Real Madrid,0,21,0,0,0,0,0,0,0,0,0,0,0,0
349,Jesus Vallejo,DEF,Real Madrid,0,21,0,0,0,0,0,0,0,0,0,0,0,0
350,Alvaro Odriozola,DEF,Real Madrid,5,21,1,0,0,1,0,0,0,0,0,0,0,0
351,Nacho Fernandez,DEF,Real Madrid,32,21,18,0,0,4,2,0,1,0,0,0,2,0
352,Lucas Vasquez,DEF,Real Madrid,27,21,14,2,0,0,1,0,0,0,0,0,2,0
353,Ferland Mendy,DEF,Real Madrid,34,21,27,0,1,2,2,0,0,0,0,0,0,2
354,Daniel Carvajal,DEF,Real Madrid,42,21,28,0,1,3,3,0,0,0,0,0,3,1
355,Antonio Rudiger,DEF,Real Madrid,62,21,33,1,0,6,1,0,0,0,0,0,1,1
356,Eder Militao,DEF,Real Madrid,71,21,29,3,0,5,1,0,0,0,0,0,7,2
357,David Alaba,DEF,Real Madrid,62,21,34,1,3,4,3,0,0,0,0,0,2,2
358,Dani Ceballos,MID,Real Madrid,32,21,21,0,1,5,2,0,0,0,0,0,5,0
359,Reinier,MID,Girona,14,21,10,1,0,0,1,0,0,0,0,0,0,0
360,Aurelien Tchouameni,MID,Real Madrid,42,21,28,0,2,1,1,0,0,0,0,0,8,0
361,Federico Valverde,MID,Real Madrid,90,21,38,6,2,6,2,0,0,0,0,0,12,0
362,Eduardo Camavinga,MID,Real Madrid,38,21,30,0,1,6,3,0,0,0,0,0,2,0
363,Casemiro,MID,Real Madrid,1,21,1,0,0,0,0,0,0,0,0,0,0,0
364,Toni Kroos,MID,Real Madrid,64,21,31,2,2,4,0,1,0,0,0,0,16,0
365,Luka Modric,MID,Real Madrid,62,21,32,4,2,3,4,0,0,0,0,0,5,0
366,Mariano Diaz,FWD,Real Madrid,2,21,4,0,0,0,2,0,0,0,0,0,0,0
367,Marco Asensio,FWD,Real Madrid,47,21,22,3,4,4,1,0,0,1,0,0,4,0
368,Rodrygo,FWD,Real Madrid,75,21,32,4,5,1,1,0,0,0,0,0,13,0
369,Vinicius Junior,FWD,Real Madrid,84,21,40,7,3,0,5,0,0,0,0,0,12,0
370,Eden Hazard,FWD,Real Madrid,1,21,3,0,0,0,0,0,0,1,0,0,0,0
371,Karim Benzema,FWD,Real Madrid,94,21,26,11,3,0,1,0,0,1,0,0,18,0
372,Andoni Zubiaurre,GK,Real Sociedad,0,21,0,0,0,0,0,0,0,0,0,0,0,0
373,Alex Remiro,GK,Real Sociedad,92,21,42,0,0,8,1,0,0,0,11,1,9,6
374,Aritz Arambarri,DEF,Real Sociedad,0,21,0,0,0,0,0,0,0,0,0,0,0,0
375,Alex Sola,DEF,Real Sociedad,14,21,9,0,0,1,1,0,0,0,0,0,3,1
376,Urko Gonzalez,DEF,Real Sociedad,0,21,0,0,0,0,0,0,0,0,0,0,0,0
377,Jon Pacheco,DEF,Real Sociedad,19,21,16,0,0,2,2,0,0,0,0,0,0,3
378,Aihen Munoz,DEF,Real Sociedad,21,21,17,0,0,2,0,0,0,0,0,0,0,4
379,Andoni Gorosabel,DEF,Real Sociedad,25,21,20,0,0,2,2,0,0,0,0,0,0,1
380,Jonathan Gomez,DEF,Real Sociedad,0,21,0,0,0,0,0,0,0,0,0,0,0,0
381,Diego Rico,DEF,Real Sociedad,41,21,24,0,0,5,2,0,0,0,0,0,1,2
382,Igor Zubeldia,DEF,Real Sociedad,58,21,32,1,0,6,4,0,0,0,0,0,4,4
383,Aritz Elustondo,DEF,Real Sociedad,53,21,27,0,1,7,4,1,0,0,0,0,4,2
384,Robin Le Normand,DEF,Real Sociedad,59,21,34,0,0,7,4,0,0,0,0,0,4,3
385,Ander Martin,MID,Real Sociedad,0,21,0,0,0,0,0,0,0,0,0,0,0,0
386,Jon Ander Olasagasti,MID,Real Sociedad,0,21,0,0,0,0,0,0,0,0,0,0,0,0
387,Peter Pokorny,MID,Real Sociedad,0,21,0,0,0,0,0,0,0,0,0,0,0,0
388,Benat Turrientes,MID,Real Sociedad,6,21,6,0,0,0,0,0,0,0,0,0,0,0
389,Ander Guevara,MID,Real Sociedad,0,21,0,0,0,0,0,0,0,0,0,0,0,0
390,Asier Illarramendi,MID,Real Sociedad,24,21,17,1,0,3,3,0,0,0,0,0,2,0
391,Martin Zubimendi,MID,Real Sociedad,55,21,38,1,2,6,6,0,0,0,0,0,6,0
392,Brais Mendez,MID,Real Sociedad,96,21,36,7,3,7,5,0,0,0,0,0,14,0
393,Mikel Merino,MID,Real Sociedad,71,21,31,1,7,5,5,0,0,1,0,0,16,0
394,David Silva,MID,Real Sociedad,43,21,29,1,1,7,2,0,0,0,0,0,1,0
395,Takefusa Kubo,MID,Real Sociedad,67,21,33,3,2,7,2,0,0,0,0,0,8,0
396,Jon Karrikaburu,FWD,Real Sociedad,5,21,6,0,0,0,1,0,0,0,0,0,0,0
397,Martin Merquelanz,FWD,Real Sociedad,0,21,0,0,0,0,0,0,0,0,0,0,0,0
398,Carlos Fernandez,FWD,Real Sociedad,8,21,10,0,0,0,2,0,0,0,0,0,0,0
399,Robert Navarro,FWD,Real Sociedad,14,21,16,0,0,0,2,0,0,0,0,0,0,0
400,Ander Barrenetxea,FWD,Real Sociedad,11,21,9,1,0,0,2,0,0,0,0,0,0,0
401,Mohamed-Ali Cho,FWD,Real Sociedad,19,21,11,0,2,0,1,0,0,0,0,0,3,0
402,Mikel Oyarzabal,FWD,Real Sociedad,12,21,8,0,1,0,0,0,0,0,0,0,1,0
403,Alexander Isak,FWD,Real Sociedad,8,21,4,1,0,0,0,0,0,0,0,0,0,0
404,Roberto Jimenez,GK,Real Valladolid,0,21,0,0,0,0,0,0,0,0,0,0,0,0
405,Jordi Masip,GK,Real Valladolid,84,21,32,0,0,5,2,0,0,0,12,3,14,7
406,Sergio Asenjo,GK,Real Valladolid,13,21,10,0,0,1,0,0,0,0,1,0,0,2
407,Adrian Gomez,DEF,Real Valladolid,0,21,0,0,0,0,0,0,0,0,0,0,0,0
408,Luis Perez,DEF,Real Valladolid,31,21,17,0,1,3,1,0,0,0,0,0,4,4
409,Joaquin Fernandez,DEF,Real Valladolid,48,21,29,1,0,4,3,0,0,0,0,0,6,6
410,Sergio Escudero,DEF,Real Valladolid,28,21,17,0,0,3,2,0,0,0,0,0,4,3
411,Javi Sanchez,DEF,Real Valladolid,57,21,36,1,0,6,7,0,0,0,0,0,5,7
412,Lucas Olaza,DEF,Real Valladolid,27,21,23,0,0,3,3,0,0,0,0,0,0,5
413,Jawad El Yamiq,DEF,Real Valladolid,15,21,18,0,0,1,0,1,0,0,0,0,0,4
414,Victor Garcia,MID,Real Valladolid,0,21,0,0,0,0,0,0,0,0,0,0,0,0
415,Kike Perez,MID,Real Valladolid,44,21,36,0,1,5,4,0,0,0,0,0,4,0
416,Alvaro Aguado,MID,Real Valladolid,38,21,30,0,2,2,2,0,0,0,0,0,2,0
417,Ivan Sanchez,MID,Real Valladolid,26,21,23,0,0,3,0,0,0,0,0,0,0,0
418,Moha Moukhliss,MID,Real Valladolid,0,21,0,0,0,0,0,0,0,0,0,0,0,0
419,Toni Villa,MID,Real Valladolid,34,21,26,1,1,2,2,0,0,0,0,0,0,0
420,Oscar Plano,MID,Real Valladolid,42,21,32,1,1,4,2,0,0,0,0,0,0,0
421,Roque Mesa,MID,Real Valladolid,44,21,28,2,1,4,5,0,0,0,0,0,4,0
422,Anuar,MID,Real Valladolid,12,21,5,1,0,0,1,0,0,0,0,0,3,0
423,Monchu,MID,Real Valladolid,41,21,28,1,1,4,4,0,0,0,0,0,5,0
424,Gonzalo Plata,MID,Real Valladolid,36,21,25,0,2,3,0,0,0,0,0,0,2,0
425,Waldo Marin,FWD,Real Valladolid,0,21,0,0,0,0,0,0,0,0,0,0,0,0
426,Sekou Gassama,FWD,Real Valladolid,1,21,1,0,0,0,0,0,0,0,0,0,0,0
427,Hugo Vallejo,FWD,Real Valladolid,0,21,0,0,0,0,0,0,0,0,0,0,0,0
428,Sergio Leon,FWD,Real Valladolid,52,21,26,5,1,0,0,1,0,1,0,0,8,0
429,Stiven Plaza,FWD,Real Valladolid,0,21,0,0,0,0,0,0,0,0,0,0,0,0
430,Sergi Guardiola,FWD,Cadiz,29,21,23,1,0,0,1,0,0,0,0,0,3,0
431,Shon Weissman,FWD,Real Valladolid,23,21,20,1,0,0,1,0,0,0,0,0,0,0
432,Marko Dmitrovic,GK,Sevilla,8,21,5,0,0,0,1,0,0,0,3,0,1,0
433,Bono,GK,Sevilla,66,21,37,0,0,4,2,0,0,0,13,1,6,9
434,Karim Rekik,DEF,Sevilla,28,21,16,1,1,2,1,0,0,0,0,0,0,4
435,Marcao,DEF,Sevilla,10,21,8,0,0,1,2,0,0,0,0,0,1,1
436,Jesus Navas,DEF,Sevilla,24,21,26,0,0,1,3,0,1,0,0,0,2,3
437,Gonzalo Montiel,DEF,Sevilla,18,21,20,0,1,1,4,1,0,0,0,0,1,3
438,Marcos Acuna,DEF,Sevilla,40,21,25,2,1,1,4,1,0,0,0,0,6,3
439,Alex Telles,DEF,Sevilla,26,21,20,0,2,2,4,0,0,0,0,0,0,4
440,Nemanja Gudelj,MID,Sevilla,56,21,36,2,0,3,5,0,0,0,0,0,12,4
441,Oliver Torres,MID,Sevilla,61,21,34,3,1,5,1,0,0,0,0,0,5,0
442,Rony Lopes,MID,Sevilla,0,21,0,0,0,0,0,0,0,0,0,0,0,0
443,Joan Jordan,MID,Sevilla,28,21,28,0,1,1,5,0,0,0,0,0,1,0
444,Fernando,MID,Sevilla,25,21,24,0,0,3,2,0,0,0,0,0,0,0
445,Thomas Delaney,MID,Sevilla,6,21,9,0,0,0,3,0,0,0,0,0,0,0
446,Jesus Corona,MID,Sevilla,2,21,2,0,0,0,0,0,0,0,0,0,0,0
447,Erik Lamela,MID,Sevilla,42,21,30,3,0,3,5,1,0,0,0,0,2,0
448,Papu Gomez,MID,Sevilla,21,21,19,0,1,0,4,0,0,0,0,0,3,0
449,Ivan Rakitic,MID,Sevilla,40,21,26,1,2,4,3,1,0,0,0,0,5,0
450,Isco,MID,Sevilla,24,21,21,0,2,2,5,0,0,0,0,0,0,0
451,Rafa Mir,FWD,Sevilla,37,21,23,3,0,0,1,0,0,0,0,0,3,0
452,Suso,FWD,Sevilla,15,21,12,0,1,2,1,0,0,0,0,0,1,0
453,Lucas Ocampos,FWD,Sevilla,7,21,9,0,0,1,2,0,0,0,0,0,0,0
454,Munir El Haddadi,FWD,Getafe,16,21,13,1,0,0,3,0,0,0,0,0,2,0
455,Youssef En-Nesyri,FWD,Sevilla,35,21,22,3,0,0,1,0,0,0,0,0,2,0
456,Dragan Rosic,GK,Almeria,0,21,0,0,0,0,0,0,0,0,0,0,0,0
457,Fernando Martinez,GK,Almeria,70,21,40,0,0,1,1,0,0,0,21,1,11,10
458,Ivan Martos,DEF,Almeria,0,21,0,0,0,0,0,0,0,0,0,0,0,0
459,Juanjo Nieto,DEF,Almeria,0,21,0,0,0,0,0,0,0,0,0,0,0,0
460,Jonathan Silva,DEF,Almeria,0,21,0,0,0,0,0,0,0,0,0,0,0,0
461,Alex Centelles,DEF,Almeria,0,21,0,0,0,0,0,1,0,0,0,0,0,0
462,Houboulang Mendes,DEF,Almeria,13,21,18,0,1,0,1,0,0,0,0,0,0,7
463,Arnau Sola,DEF,Almeria,0,21,0,0,0,0,0,0,0,0,0,0,0,0
464,Nikola Maras,DEF,Almeria,0,21,0,0,0,0,0,0,0,0,0,0,0,0
465,Srdan Babic,DEF,Almeria,38,21,35,1,0,1,3,0,0,0,0,0,4,8
466,Alejandro Pozo,DEF,Almeria,36,21,26,0,1,1,0,0,0,0,0,0,6,3
467,Rodrigo Ely,DEF,Almeria,26,21,40,0,0,1,3,1,1,0,0,0,0,10
468,Chumi,DEF,Almeria,19,21,18,1,0,0,1,0,0,0,0,0,1,5
469,Sergio Akieme Rodriguez,DEF,Almeria,34,21,42,0,0,1,4,0,0,0,0,0,3,11
470,Kaiky,DEF,Almeria,4,21,12,0,0,0,5,0,0,0,0,0,0,4
471,Cesar de la Hoz,MID,Almeria,25,21,20,1,0,1,4,0,0,0,0,0,3,0
472,Curro,MID,Almeria,1,21,2,0,0,0,1,0,0,0,0,0,0,0
473,Gui,MID,Almeria,0,21,0,0,0,0,0,0,0,0,0,0,0,0
474,Inigo Eguaras,MID,Almeria,25,21,21,1,1,0,4,0,0,0,0,0,0,0
475,Jose Carlos Lazo,MID,Almeria,21,21,10,1,1,0,0,0,0,0,0,0,3,0
476,Francisco Portillo,MID,Almeria,27,21,16,2,0,0,1,0,0,0,0,0,2,0
477,Samuel Costa,MID,Almeria,37,21,29,1,0,0,3,0,0,0,0,0,6,0
478,Martin Svidersky,MID,Almeria,0,21,0,0,0,0,0,0,0,0,0,0,0,0
479,Arnau Puigmal,MID,Almeria,9,21,12,0,0,0,3,0,0,0,0,0,0,0
480,Lucas Robertone,MID,Almeria,60,21,38,1,3,4,5,0,0,0,0,0,9,0
481,Arvin Appiah,FWD,Almeria,0,21,0,0,0,0,0,0,0,0,0,0,0,0
482,Marko Milovanovic,FWD,Almeria,1,21,2,0,0,0,1,0,0,0,0,0,0,0
483,Dyego Sousa,FWD,Almeria,16,21,14,0,1,0,1,0,0,0,0,0,0,0
484,Jordi Escobar,FWD,Almeria,0,21,0,0,0,0,0,0,0,0,0,0,0,0
485,Largie Ramazani,FWD,Almeria,35,21,30,2,0,0,4,0,0,1,0,0,3,0
486,Umar Sadiq,FWD,Real Sociedad,19,21,8,3,0,0,1,0,0,0,0,0,0,0
487,Cristian Rivero,GK,Valencia,0,21,0,0,0,0,0,0,0,0,0,0,0,0
488,Jaume Domenech,GK,Valencia,0,21,0,0,0,0,0,0,0,0,0,0,0,0
489,Giorgi Mamardashvili,GK,Valencia,68,21,42,0,0,3,1,0,0,0,15,0,8,8
490,Cristhian Mosquera,DEF,Valencia,4,21,4,0,0,0,0,0,0,0,0,0,0,0
491,Jesus Vazquez,DEF,Valencia,10,21,7,0,0,1,1,0,0,0,0,0,0,0
492,Dimitri Foulquier,DEF,Valencia,18,21,20,0,1,0,2,0,0,0,0,0,0,3
493,Toni Lato,DEF,Valencia,31,21,19,1,0,1,0,0,0,0,0,0,2,0
494,Eray Comert,DEF,Valencia,38,21,31,1,0,2,4,1,0,0,0,0,3,3
495,Thierry Correia,DEF,Valencia,39,21,32,0,0,3,3,0,0,0,0,0,3,5
496,Mouctar Diakhaby,DEF,Valencia,41,21,27,2,0,3,5,1,0,0,0,0,3,5
497,Gabriel Paulista,DEF,Valencia,18,21,20,1,0,0,1,1,0,0,0,0,1,5
498,Jose Luis Gaya,DEF,Valencia,65,21,34,1,2,3,3,0,0,1,0,0,20,8
499,Yellu Santiago,MID,Valencia,0,21,0,0,0,0,0,0,0,0,0,0,0,0
500,Koba Koindredi,MID,Valencia,0,21,0,0,0,0,0,0,0,0,0,0,0,0
501,Hugo Guillamon,MID,Valencia,47,21,30,1,4,3,5,0,1,0,0,0,4,0
502,Uros Racic,MID,Valencia,0,21,0,0,0,0,0,0,0,0,0,0,0,0
503,Samu Castillejo,MID,Valencia,40,21,26,3,0,4,5,0,0,0,0,0,0,0
504,Yunus Musah,MID,Valencia,38,21,34,0,2,2,7,0,0,0,0,0,3,0
505,Carlos Soler,MID,Valencia,15,21,6,1,0,1,0,0,0,0,0,0,3,0
506,Manu Vallejo,FWD,Girona,10,21,7,0,1,0,0,0,0,0,0,0,0,0
507,Marcos Andre,FWD,Valencia,17,21,17,1,0,0,2,1,0,0,0,0,1,0
508,Samuel Lino,FWD,Valencia,50,21,42,2,0,2,3,0,0,0,0,0,3,0
509,Hugo Duro,FWD,Valencia,19,21,17,1,0,0,2,0,0,0,0,0,0,0
510,Maximiliano Gomez,FWD,Valencia,3,21,3,0,0,0,0,0,0,0,0,0,0,0
511,Pepe Reina,GK,Villareal,22,21,12,0,0,1,1,0,0,0,5,0,3,1
512,Geronimo Rulli,GK,Villareal,80,21,28,0,0,7,1,0,0,0,12,0,15,2
513,Sergio Carreira,DEF,Villareal,0,21,0,0,0,0,0,0,0,0,0,0,0,0
514,Adrian de la Fuente,DEF,Villareal,0,21,0,0,0,0,0,0,0,0,0,0,0,0
515,Kiko Femenia,DEF,Villareal,33,21,23,0,0,3,0,0,0,0,0,0,0,2
516,Alfonso Pedraza,DEF,Villareal,49,21,21,0,1,6,1,0,0,0,0,0,2,0
517,Jorge Cuenca,DEF,Villareal,0,21,0,0,0,0,0,0,0,0,0,0,0,0
518,Alberto Moreno,DEF,Villareal,14,21,16,0,0,1,5,0,0,0,0,0,0,1
519,Raul Albiol,DEF,Villareal,61,21,36,0,0,7,5,0,0,0,0,0,5,3
520,Pervis Estupinan,DEF,Villareal,0,21,0,0,0,0,0,0,0,0,0,0,0,0
521,Juan Foyth,DEF,Villareal,34,21,17,1,0,3,2,0,0,0,0,0,2,1
522,Pau Torres,DEF,Villareal,61,21,36,0,0,7,8,0,0,0,0,0,7,2
523,Aissa Mandi,DEF,Villareal,21,21,13,0,0,2,0,0,0,0,0,0,0,0
524,Alejandro Baena,MID,Villareal,49,21,29,4,1,3,9,1,0,0,0,0,6,0
525,Manuel Morlanes,MID,Villareal,0,21,0,0,0,0,0,0,0,0,0,0,0,0
526,Javier Ontiveros,MID,Villareal,0,21,0,0,0,0,0,0,0,0,0,0,0,0
527,Nicolas Jackson,FWD,Villareal,35,21,20,2,2,1,1,0,0,0,0,0,2,0
528,Nikita Iosifov,MID,Villareal,0,21,0,0,0,0,0,0,0,0,0,0,0,0
529,Manu Trigueros,MID,Villareal,13,21,14,0,0,1,2,0,0,0,0,0,0,0
530,Francis Coquelin,MID,Villareal,31,21,22,1,0,3,2,0,0,0,0,0,3,0
531,Etienne Capoue,MID,Villareal,37,21,31,0,0,7,1,0,0,0,0,0,0,0
532,Yeremy Pino,MID,Villareal,45,21,32,2,0,5,3,0,0,0,0,0,1,0
533,Dani Parejo,MID,Villareal,78,21,42,1,3,8,3,0,0,0,0,0,17,0
534,Samuel Chukwueze,MID,Villareal,43,21,29,1,2,2,1,0,0,0,0,0,2,0
535,Fernando Nino,FWD,Villareal,0,21,0,0,0,0,0,0,0,0,0,0,0,0
536,Jose Luis Morales,FWD,Villareal,27,21,24,1,0,0,1,0,0,0,0,0,0,0
537,Paco Alcacer,FWD,Villareal,0,21,0,0,0,0,0,0,0,0,0,0,0,0
538,Arnaut Danjuma,FWD,Villareal,24,21,14,2,0,0,0,0,0,0,0,0,2,0
539,Boulaye Dia,FWD,Villareal,0,21,0,0,0,0,0,0,0,0,0,0,0,0
540,Gerard Moreno,FWD,Villareal,51,21,22,5,2,0,2,0,0,1,0,0,7,0
541,Pablo Lumbreras,DEF,Osasuna,20,21,12,0,0,2,0,0,0,0,0,0,0,0
542,Ivan Romero,FWD,Sevilla,0,21,1,0,0,0,1,0,0,0,0,0,0,0
543,Ruben Sanchez Saez,MID,Espanyol,15,21,13,0,1,0,1,0,0,0,0,0,0,0
544,Edu Exposito,MID,Espanyol,43,21,25,2,2,0,2,0,0,0,0,0,4,0
545,Nico Gonzalez,MID,Valencia,22,21,18,1,0,1,0,0,1,0,0,0,0,0
546,Moi Parra,FWD,Getafe,1,21,1,0,0,0,0,0,0,0,0,0,0,0
547,Fran Delgado,DEF,Real Betis,1,21,1,0,0,0,0,0,0,0,0,0,0,0
548,Rober Gonzalez,FWD,Real Betis,1,21,2,0,0,0,1,0,0,0,0,0,0,0
549,John Donald,MID,Elche,1,21,4,0,0,0,0,1,0,0,0,0,0,2
550,Alejandro Alfaro,MID,Elche,1,21,1,0,0,0,0,0,0,0,0,0,0,0
551,Tanguy Nianzou,DEF,Sevilla,26,21,21,1,0,2,1,1,0,0,0,0,0,5
552,Fede San Emeterio,MID,Cadiz,24,21,25,0,0,4,5,0,0,0,0,0,0,0
553,Giovani Lo Celso,MID,Villareal,22,21,14,1,0,4,1,0,0,0,0,0,0,0
554,Pol Lirola,DEF,Elche,14,21,14,1,0,0,1,0,0,0,0,0,0,5
555,Alex Collado,MID,Elche,24,21,13,1,1,0,1,0,0,0,0,0,4,0
556,Domingos Quina,MID,Elche,7,21,11,0,0,0,1,1,0,0,0,0,0,0
557,Leo Baptistao,FWD,Almeria,47,21,27,3,2,1,5,0,0,0,0,0,7,0
558,Javier Hernandez,DEF,Girona,15,21,13,0,1,0,1,0,0,0,0,0,1,1
559,Jose Angel Carmona,DEF,Elche,35,21,22,3,1,0,6,1,0,0,0,0,6,5
560,Juanmi Latasa,FWD,Getafe,11,21,11,0,0,0,0,0,0,0,0,0,0,0
561,Dani Gomez,FWD,Espanyol,6,21,7,0,0,0,1,0,0,0,0,0,0,0
562,Antonio Blanco,MID,Cadiz,5,21,5,0,0,0,0,0,0,0,0,0,0,0
563,Jorgen Larsen,FWD,Celta Vigo,44,21,27,2,3,0,3,0,0,0,0,0,3,0
564,Brian Ocampo,MID,Cadiz,46,21,29,1,1,8,2,0,0,0,0,0,3,0
565,Theo Bongonda,FWD,Cadiz,36,21,21,2,2,6,0,0,0,0,0,0,1,0
566,Edinson Cavani,FWD,Valencia,49,21,25,5,1,0,4,0,0,1,0,0,7,0
567,Marcos Alonso,DEF,FC Barcelona,34,21,17,1,0,3,1,0,0,0,0,0,0,0
568,Hector Bellerin,DEF,FC Barcelona,8,21,4,0,0,1,0,0,0,0,0,0,0,0
569,Ander Herrera,MID,Athletic Club,8,21,10,0,1,1,3,1,0,0,0,0,0,0
570,Sergio Reguilon,DEF,Atletico Madrid,1,21,4,0,0,0,0,1,0,0,0,0,0,0
571,Abdessamad Ezzalzouli,FWD,Osasuna,21,21,19,0,2,1,1,1,0,0,0,0,0,0
572,El Bilal Toure,FWD,Almeria,50,21,26,4,2,0,0,0,0,0,0,0,2,0
573,Paulo Gazzaniga,GK,Girona,39,21,22,0,0,1,1,0,0,0,7,1,5,3
574,Oriol Romeu,MID,Girona,40,21,34,1,0,1,5,0,0,0,0,0,5,0
575,Alexander Sorloth,FWD,Real Sociedad,69,21,32,8,1,0,2,0,0,0,0,0,4,0
576,Kasper Dolberg,FWD,Sevilla,9,21,6,0,1,0,0,0,0,0,0,0,0,0
577,Alvaro Fernandez,GK,Espanyol,33,21,22,0,0,2,0,0,0,0,8,0,1,6
578,Omar El Hilali,DEF,Espanyol,3,21,5,0,0,0,1,0,0,0,0,0,0,1
579,Simo,MID,Espanyol,3,21,3,0,0,0,0,0,0,0,0,0,0,0
580,Andre Almeida,MID,Valencia,53,21,32,2,3,2,2,0,0,0,0,0,2,0
581,Ilaix Moriba,MID,Valencia,18,21,18,0,1,2,2,1,0,0,0,0,0,0
582,Kenedy,MID,Real Valladolid,3,21,4,0,0,0,1,0,0,0,0,0,0,0
583,Ivan Fresneda,DEF,Real Valladolid,18,21,17,0,0,1,1,0,0,0,0,0,0,2
584,Justin Kluivert,MID,Valencia,40,21,20,3,0,1,2,0,0,0,0,0,6,0
585,Kike Salas,DEF,Sevilla,16,21,9,1,1,0,1,1,0,0,0,0,3,1
586,Matija Nastasic,DEF,Mallorca,23,21,15,0,0,3,1,0,0,0,0,0,0,3
587,Nicolas Fernandez,MID,Elche,7,21,11,0,0,0,2,0,1,0,0,0,0,0
588,Lazaro,FWD,Almeria,13,21,9,1,0,0,0,0,0,0,0,0,0,0
589,Federico Fernandez,DEF,Elche,1,21,2,0,0,0,0,0,0,0,0,0,0,1
590,Gonzalo Melero,MID,Almeria,52,21,27,2,3,4,3,0,0,0,0,0,5,0
591,Zouhair Feddal,DEF,Real Valladolid,5,21,7,0,0,0,0,0,0,0,0,0,0,2
592,Lucas Rosa,DEF,Real Valladolid,17,21,15,0,0,1,1,0,0,0,0,0,0,1
593,Fernando Pacheco,GK,Almeria,2,21,2,0,0,0,0,0,0,0,1,0,0,1
594,Jordan Amavi,DEF,Celta Vigo,5,21,4,0,0,1,0,1,0,0,0,0,0,0
595,Adnan Januzaj,MID,Sevilla,2,21,2,0,0,0,0,0,0,0,0,0,0,0
596,Pablo Marin,MID,Real Sociedad,11,21,10,0,0,2,1,0,0,0,0,0,0,0
597,Juan Cruz Betis,MID,Real Betis,8,21,3,1,0,0,0,0,0,0,0,0,0,0
598,Cenk Ozkacar,DEF,Valencia,10,21,8,0,0,1,1,0,0,0,0,0,0,1
599,Abdul Mumin,DEF,Rayo Vallecano,2,21,3,0,0,0,0,0,0,0,0,0,0,1
600,Pablo Barrios,MID,Atletico Madrid,9,21,8,0,0,2,1,0,0,0,0,0,0,0
601,Omar Alderete,DEF,Getafe,17,21,13,0,0,1,2,0,0,0,0,0,3,1
602,Tino Kadewere,FWD,Real Mallorca,5,21,5,0,0,0,0,0,0,0,0,0,0,0
603,Lautaro Blanco,DEF,Elche,8,21,7,0,1,0,1,0,0,0,0,0,0,1
604,Luis Suarez,FWD,Almeria,17,21,9,2,0,0,0,0,0,0,0,0,0,0
605,Loic Bade,DEF,Sevilla,22,21,11,0,0,3,0,0,0,0,0,0,0,1
606,Diego Moreno,DEF,Osasuna,18,21,10,0,0,2,0,0,0,0,0,0,0,0
607,Cesar Montes,DEF,Espanyol,9,21,7,0,0,1,2,0,0,0,0,0,1,1
608,Abner Vinicius,DEF,Real Betis,5,21,7,0,0,0,0,0,0,0,0,0,0,2
609,David Torres,DEF,Real Valladolid,2,21,3,0,0,0,0,0,0,0,0,0,0,1
610,Darwin Machis,FWD,Real Valladolid,11,21,6,0,1,3,1,0,0,0,0,0,3,0
611,Cyle Larin,FWD,Real Valladolid,12,21,3,2,0,0,1,0,0,0,0,0,2,0
612,Gonzalo Escalante,MID,Cadiz,18,21,4,2,0,1,1,0,0,0,0,0,4,0
613,Ronael Pierre-Gabriel,DEF,Espanyol,-2,21,1,0,0,0,0,1,0,0,0,0,0,0
614,Ayoze Perez,MID,Real Betis,2,21,2,0,0,0,0,0,0,0,0,0,0,0
615,Haris Seferovic,FWD,Celta Vigo,2,21,2,0,0,0,0,0,0,0,0,0,0,0
616,Pape Gueye,MID,Sevilla,11,21,4,0,1,1,0,0,0,0,0,0,3,0
617,Bryan Gil,FWD,Sevilla,6,21,3,1,0,1,1,0,0,0,0,0,0,0
618,Matt Doherty,DEF,Atletico Madrid,0,21,0,0,0,0,0,0,0,0,0,0,0,0
619,Ludwig Augustinsson,DEF,Real Mallorca,1,21,2,0,0,0,0,0,0,0,0,0,0,1
620,Martin Hongla,DEF,Real Valladolid,6,21,2,0,0,1,0,0,0,0,0,0,0,0
=======
0,Ander Iru,GK,Athletic Club,0,20,0,0,0,0,0,0,0,0,0,0,0,0
1,Alex Padilla,GK,Athletic Club,0,20,0,0,0,0,0,0,0,0,0,0,0,0
2,Julen Agirrezabala,GK,Athletic Club,0,20,0,0,0,0,0,0,0,0,0,0,0,0
3,Unai Simon,GK,Athletic Club,75,20,40,0,0,8,1,0,0,0,6,0,5,7
4,Jon Sillero,DEF,Athletic Club,0,20,0,0,0,0,0,0,0,0,0,0,0,0
5,Aitor Casamichana,DEF,Athletic Club,2,20,2,0,0,0,0,0,0,0,0,0,0,0
6,Alex Petxa,DEF,Athletic Club,0,20,0,0,0,0,0,0,0,0,0,0,0,0
7,Peru Esnal,DEF,Athletic Club,0,20,0,0,0,0,0,0,0,0,0,0,0,0
8,Inigo Lekue,DEF,Athletic Club,40,20,26,0,1,3,1,0,0,0,0,0,2,2
9,Mikel Balenziaga,DEF,Athletic Club,0,20,1,0,0,0,0,0,0,0,0,0,0,1
10,Oscar De Marcos,DEF,Athletic Club,70,20,36,0,3,7,2,0,0,0,0,0,3,4
11,Ander Capa,DEF,Athletic Club,2,20,2,0,0,0,0,0,0,0,0,0,0,0
12,Daniel Vivian,DEF,Athletic Club,53,20,27,1,0,6,4,0,0,0,0,0,3,3
13,Yeray Alvarez,DEF,Athletic Club,76,20,34,1,1,8,3,1,0,0,0,0,12,5
14,Yuri Berchiche,DEF,Athletic Club,35,20,21,0,0,5,4,1,0,0,0,0,5,4
15,Inigo Martinez,DEF,Athletic Club,20,20,18,0,0,2,1,0,0,0,0,0,0,5
16,Jon Morcillo,MID,Athletic Club,12,20,9,0,1,0,0,0,0,0,0,0,0,0
17,Oier Zarraga,MID,Athletic Club,15,20,17,0,0,1,3,0,0,0,0,0,0,0
18,Nico Serrano,MID,Athletic Club,0,20,0,0,0,0,0,0,0,0,0,0,0,0
19,Mikel Vesga,MID,Athletic Club,55,20,33,2,2,7,3,0,0,0,0,0,2,0
20,Dani Garcia,MID,Athletic Club,21,20,18,0,1,2,2,0,0,0,0,0,0,0
21,Unai Vencedor,MID,Athletic Club,4,20,6,0,0,0,2,0,0,0,0,0,0,0
22,Alex Berenguer,MID,Athletic Club,63,20,34,3,1,5,0,0,0,0,0,0,6,0
23,Iker Munian,MID,Athletic Club,43,20,28,0,2,5,1,0,0,0,0,0,5,0
24,Malcom Ares,FWD,Athletic Club,1,20,1,0,0,0,0,0,0,0,0,0,0,0
25,Luis Bilbao,FWD,Athletic Club,0,20,0,0,0,0,0,0,0,0,0,0,0,0
26,Gorka Guruzeta,FWD,Athletic Club,42,20,17,5,0,0,1,0,0,0,0,0,6,0
27,Asier Villalibre,FWD,Athletic Club,5,20,5,0,0,0,0,0,0,0,0,0,0,0
28,Oihan Sancet,FWD,Athletic Club,60,20,35,6,0,4,2,0,0,0,0,0,3,0
29,Raul Garcia,FWD,Athletic Club,31,20,22,1,2,1,1,0,0,0,0,0,0,0
30,Nico Williams,MID,Athletic Club,72,20,38,3,4,0,0,0,0,0,0,0,7,0
31,Inaki Williams,FWD,Athletic Club,65,20,35,5,1,0,0,0,0,1,0,0,9,0
32,Jan Oblak,GK,Atletico Madrid,69,20,36,0,0,7,1,0,0,0,7,0,2,3
33,Antonio Gomis,GK,Atletico Madrid,0,20,0,0,0,0,0,0,0,0,0,0,0,0
34,Ivo Grbic,GK,Atletico Madrid,6,20,6,0,0,0,1,0,0,0,1,0,0,0
35,Mario Hermoso,DEF,Atletico Madrid,27,20,13,2,0,2,1,2,0,0,0,0,1,0
36,Stefan Savic,DEF,Atletico Madrid,35,20,26,0,0,4,3,1,0,0,0,0,0,1
37,Felipe,DEF,Atletico Madrid,4,20,5,0,0,0,0,0,0,0,0,0,0,1
38,Reinildo,DEF,Atletico Madrid,60,20,38,0,0,6,3,0,0,0,0,0,4,3
39,Santiago Arias,DEF,Atletico Madrid,0,20,0,0,0,0,0,0,0,0,0,0,0,0
40,Renan Lodi,DEF,Atletico Madrid,0,20,0,0,0,0,0,0,0,0,0,0,0,0
41,Jose Gimenez,DEF,Atletico Madrid,40,20,23,0,0,5,5,0,0,0,0,0,2,0
42,Daniel Wass,MID,Atletico Madrid,0,20,0,0,0,0,0,0,0,0,0,0,0,0
43,Geoffrey Kondogbia,MID,Atletico Madrid,38,20,26,0,2,3,4,0,0,0,0,0,7,0
44,Nahuel Molina,DEF,Atletico Madrid,48,20,31,0,1,5,3,1,0,0,0,0,2,2
45,Thomas Lemar,MID,Atletico Madrid,32,20,20,0,2,3,0,0,0,0,0,0,3,0
46,Koke,MID,Atletico Madrid,39,20,28,0,2,6,3,0,0,0,0,0,2,0
47,Axel Witsel,MID,Atletico Madrid,33,20,31,0,0,4,2,0,0,0,0,0,0,1
48,Marcos Llorente,MID,Atletico Madrid,36,20,24,1,0,4,1,0,0,0,0,0,4,0
49,Yannick Carrasco,MID,Atletico Madrid,33,20,26,1,0,1,1,0,0,0,0,0,2,0
50,Saul Niguez,MID,Atletico Madrid,25,20,20,1,1,2,7,0,0,0,0,0,2,0
51,Rodrigo De Paul,MID,Atletico Madrid,46,20,25,1,2,3,2,0,0,0,0,0,9,0
52,Carlos Martin,FWD,Atletico Madrid,0,20,0,0,0,0,0,0,0,0,0,0,0,0
53,Marcos Paulo,FWD,Atletico Madrid,0,20,0,0,0,0,0,0,0,0,0,0,0,0
54,Matheus Cunha,FWD,Atletico Madrid,18,20,14,0,2,0,2,0,0,0,0,0,0,0
55,Angel Correa,FWD,Atletico Madrid,50,20,28,5,0,0,1,0,0,0,0,0,3,0
56,Alvaro Morata,FWD,Atletico Madrid,72,20,33,7,1,0,3,0,0,0,0,0,11,0
57,Joao Felix,FWD,Atletico Madrid,47,20,21,4,3,0,5,0,0,0,0,0,6,0
58,Antoine Griezmann,FWD,Atletico Madrid,94,20,32,6,6,0,0,0,0,0,0,0,20,0
59,Aitor Fernandez,GK,Osasuna,42,20,20,0,0,4,1,0,0,0,6,0,3,2
60,Sergio Herrera,GK,Osasuna,27,20,20,0,0,2,3,0,0,0,4,0,1,3
61,Jorge Herrando,DEF,Osasuna,0,20,0,0,0,0,0,0,0,0,0,0,0,0
62,Jesus Areso,DEF,Osasuna,0,20,0,0,0,0,0,0,0,0,0,0,0,0
63,Juan Cruz,DEF,Osasuna,36,20,31,0,0,3,4,0,0,0,0,0,2,5
64,Unai Garcia,DEF,Osasuna,40,20,31,0,1,4,6,1,0,0,0,0,3,4
65,Ruben Pena,DEF,Osasuna,24,20,18,0,1,2,1,1,0,0,0,0,0,1
66,Aridane Hernandez,DEF,Osasuna,16,20,8,0,0,2,0,0,0,0,0,0,0,0
67,Nacho Vidal,DEF,Osasuna,26,20,21,0,0,2,2,0,0,0,0,0,1,2
68,Manuel Sanchez,DEF,Osasuna,37,20,23,0,1,3,0,0,0,0,0,0,0,1
69,David Garcia,DEF,Osasuna,59,20,36,1,0,6,6,1,0,0,0,0,6,4
70,Iker Benito,MID,Osasuna,0,20,0,0,0,0,0,0,0,0,0,0,0,0
71,Aimar Oroz,MID,Osasuna,46,20,26,3,1,4,3,0,0,0,0,0,1,0
72,Robert Ibanez,MID,Osasuna,0,20,0,0,0,0,0,0,0,0,0,0,0,0
73,Javi Martinez,MID,Osasuna,0,20,0,0,0,0,0,0,0,0,0,0,0,0
74,Darko Brasanac,MID,Osasuna,30,20,24,1,1,2,4,0,0,0,0,0,0,0
75,Roberto Torres,MID,Osasuna,2,20,2,0,0,0,0,0,0,0,0,0,0,0
76,Kike Saverio,MID,Osasuna,0,20,0,0,0,0,0,0,0,0,0,0,0,0
77,Lucas Torro,MID,Osasuna,36,20,35,0,0,6,6,0,0,0,0,0,1,0
78,Jon Moncayola,MID,Osasuna,32,20,32,0,0,2,3,0,0,0,0,0,1,0
79,Moi Gomez,MID,Osasuna,70,20,38,1,2,6,3,0,0,0,0,0,18,0
80,Ruben Garcia,MID,Osasuna,36,20,21,1,2,2,2,0,0,0,0,0,4,0
81,Barbero,FWD,Osasuna,0,20,0,0,0,0,0,0,0,0,0,0,0,0
82,Kike Barja,FWD,Osasuna,20,20,13,1,1,1,0,0,0,0,0,0,0,0
83,Kike Garcia,FWD,Osasuna,32,20,23,2,0,0,3,0,0,0,0,0,4,0
84,Chimy,FWD,Osasuna,66,20,32,7,2,0,5,1,0,1,0,0,10,0
85,Ante Budimir,FWD,Osasuna,35,20,27,2,0,0,2,0,0,0,0,0,2,0
86,David Gil,GK,Cadiz,0,20,0,0,0,0,0,0,0,0,0,0,0,0
87,Jeremias Ledesma,GK,Cadiz,98,20,40,0,0,6,0,0,0,0,23,1,19,13
88,Mamadou Mbaye,DEF,Cadiz,16,20,12,0,0,2,0,0,0,0,0,0,0,4
89,Karl Eyong,DEF,Cadiz,0,20,0,0,0,0,0,0,0,0,0,0,0,0
90,Juan Cala,DEF,Cadiz,0,20,0,0,0,0,0,0,0,0,0,0,0,0
91,Isaac Carcelen,DEF,Cadiz,29,20,23,0,0,4,2,2,0,0,0,0,3,5
92,Luis Hernandez,DEF,Cadiz,43,20,36,0,0,5,2,1,0,0,0,0,4,12
93,Joseba Zaldua,DEF,Cadiz,8,20,16,0,1,0,4,0,0,0,0,0,0,7
94,Fali,DEF,Cadiz,22,20,21,0,0,2,4,0,0,0,0,0,2,5
95,Santiago Arzamendia,DEF,Cadiz,15,20,11,0,0,1,0,0,0,0,0,0,0,0
96,Alfonso Espino,DEF,Cadiz,54,20,39,0,3,5,4,0,0,0,0,0,2,12
97,Victor Chust,DEF,Cadiz,25,20,20,1,0,2,3,0,0,0,0,0,1,7
98,Jon Garrido,MID,Cadiz,0,20,0,0,0,0,0,0,0,0,0,0,0,0
99,Martin Calderon,MID,Cadiz,0,20,0,0,0,0,0,0,0,0,0,0,0,0
100,Jorge Pombo,MID,Cadiz,0,20,0,0,0,0,0,0,0,0,0,0,0,0
101,Jose Mari,MID,Cadiz,11,20,13,0,0,0,2,0,0,0,0,0,0,0
102,Alberto Perea,MID,Cadiz,1,20,1,0,0,0,0,0,0,0,0,0,0,0
103,Ivan Alejo,MID,Cadiz,17,20,22,0,1,2,7,1,0,0,0,0,0,0
104,Alex Fernandez,MID,Cadiz,57,20,30,3,0,6,0,0,0,0,0,0,6,0
105,Ruben Alcaraz,MID,Cadiz,28,20,24,1,0,3,4,1,0,0,0,0,3,0
106,Awer Mabil,MID,Cadiz,6,20,6,0,0,0,0,0,0,0,0,0,0,0
107,Tomas Alarcon,MID,Cadiz,3,20,6,0,0,0,0,1,0,0,0,0,0,0
108,Ivan Chapela,FWD,Cadiz,0,20,0,0,0,0,0,0,0,0,0,0,0,0
109,Mamady Diarra,FWD,Cadiz,3,20,3,0,0,0,0,0,0,0,0,0,0,0
110,Milutin Osmajic,FWD,Cadiz,0,20,0,0,0,0,0,0,0,0,0,0,0,0
111,Alvaro Gimenez,FWD,Cadiz,1,20,1,0,0,0,0,0,0,0,0,0,0,0
112,Ruben Sobrino,FWD,Cadiz,31,20,29,1,1,3,5,0,0,0,0,0,0,0
113,Anthony Lozano,FWD,Cadiz,27,20,29,0,0,0,2,0,0,0,0,0,0,0
114,Alvaro Negredo,FWD,Cadiz,30,20,17,1,2,0,0,0,0,0,0,0,3,0
115,Lucas Perez,FWD,Cadiz,32,20,19,3,0,0,2,0,0,0,0,0,3,0
116,Axel Werner,GK,Elche,0,20,0,0,0,0,0,0,0,0,0,0,0,0
117,Edgar Badia,GK,Elche,63,20,40,0,0,0,2,0,0,0,21,2,8,14
118,Josema,DEF,Elche,0,20,0,0,0,0,0,0,0,0,0,0,0,0
119,Diego Gonzalez,DEF,Elche,8,20,16,0,0,0,4,0,0,0,0,0,0,4
120,Pedro Bigas,DEF,Elche,12,20,30,0,0,0,2,2,0,0,0,0,0,10
121,Gonzalo Verdu,DEF,Elche,10,20,12,1,0,0,1,2,0,0,0,0,3,4
122,Carlos Clerc,DEF,Elche,24,20,28,0,1,1,1,0,0,0,0,0,0,10
123,Helibelton Palacios,DEF,Elche,14,20,27,0,0,0,4,0,0,0,0,0,0,9
124,Enzo Roco,DEF,Elche,15,20,27,0,0,0,2,0,0,0,0,0,0,10
125,Johan Mojica,DEF,Villareal,22,20,19,0,0,1,2,0,0,0,0,0,3,2
126,Victor Rodriguez,MID,Elche,0,20,0,0,0,0,0,0,0,0,0,0,0,0
127,Branislav Knezevic,MID,Elche,0,20,0,0,0,0,0,0,0,0,0,0,0,0
128,Josan,MID,Elche,18,20,14,1,0,0,2,0,0,0,0,0,1,1
129,Tete Morente,MID,Elche,21,20,24,0,0,0,3,0,0,0,0,0,0,0
130,Gerard Gumbau,MID,Elche,36,20,31,0,3,0,6,0,0,0,0,0,2,0
131,Raul Guti,MID,Elche,19,20,20,0,0,0,1,0,0,0,0,0,0,0
132,Omar Mascarell,MID,Elche,30,20,35,0,0,0,5,0,0,0,0,0,0,0
133,Fidel,MID,Elche,12,20,12,0,1,0,4,0,0,0,0,0,1,0
134,Javier Pastore,MID,Elche,1,20,1,0,0,0,0,0,0,0,0,0,0,0
135,Mourad El Ghezouani,FWD,Elche,0,20,0,0,0,0,0,0,0,0,0,0,0,0
136,Pere Milla,FWD,Elche,61,20,31,6,1,0,4,0,0,0,0,0,7,0
137,Ezequiel Ponce,FWD,Elche,35,20,22,3,0,0,2,0,0,0,0,0,3,0
138,Roger Marti,FWD,Cadiz,24,20,23,0,1,0,2,0,0,0,0,0,0,0
139,Lucas Boye,FWD,Elche,37,20,32,1,2,0,3,1,0,1,0,0,3,0
140,Joan Garcia,GK,Espanyol,0,20,0,0,0,0,0,0,0,0,0,0,0,0
141,Benjamin Lecomte,GK,Espanyol,25,20,20,0,0,1,1,1,1,0,6,0,6,5
142,Wassim Keddari,DEF,Espanyol,0,20,0,0,0,0,0,0,0,0,0,0,0,0
143,Fernando Calero,DEF,Espanyol,32,20,29,0,0,2,2,0,0,0,0,0,0,3
144,Brian Olivan,DEF,Espanyol,57,20,37,0,5,3,5,0,0,0,0,0,7,9
145,Oscar Gil,DEF,Espanyol,41,20,29,0,1,3,5,0,0,0,0,0,5,4
146,Sergi Gomez,DEF,Espanyol,15,20,25,0,0,0,0,1,0,0,0,0,1,8
147,Tonny Vilhena,DEF,Espanyol,0,20,0,0,0,0,0,0,0,0,0,0,0,0
148,Leandro Cabrera,DEF,Espanyol,36,20,37,0,0,3,3,1,0,0,0,0,3,10
149,Adria Pedrosa,DEF,Espanyol,0,20,0,0,0,0,0,0,0,0,0,0,0,0
150,Aleix Vidal,DEF,Espanyol,20,20,20,0,0,1,4,0,0,0,0,0,0,0
151,Daniel Villahermosa,MID,Espanyol,0,20,0,0,0,0,0,0,0,0,0,0,0,0
152,Pol Lozano,MID,Espanyol,0,20,0,0,0,0,0,0,0,0,0,0,0,0
153,Nicolas Melamed,MID,Espanyol,13,20,15,0,0,0,2,0,0,0,0,0,0,0
154,Adrian Embarba,MID,Espanyol,41,20,22,1,3,2,3,1,0,0,0,0,9,0
155,Vinicius Souza,MID,Espanyol,34,20,36,0,0,2,6,1,0,0,0,0,5,0
156,Keidi Bare,MID,Espanyol,12,20,12,0,0,0,0,0,0,0,0,0,0,0
157,Sergi Darder,MID,Espanyol,73,20,40,2,1,2,2,0,0,0,0,0,20,0
158,Matias Vargas,MID,Espanyol,0,20,0,0,0,0,0,0,0,0,0,0,0,0
159,Javi Puado,MID,Espanyol,46,20,29,3,1,2,3,0,0,0,0,0,0,0
160,Jofre,FWD,Espanyol,0,20,0,0,0,0,0,0,0,0,0,0,0,0
161,Kenneth Soler,FWD,Espanyol,0,20,0,0,0,0,0,0,0,0,0,0,0,0
162,Luca Koleosho,FWD,Espanyol,2,20,2,0,0,0,0,0,0,0,0,0,0,0
163,Juan Camilo Becerra,FWD,Espanyol,0,20,0,0,0,0,0,0,0,0,0,0,0,0
164,Nabil Touaizi,FWD,Espanyol,1,20,1,0,0,0,0,0,0,0,0,0,0,0
165,Landry Dimata,FWD,Espanyol,0,20,0,0,0,0,0,0,0,0,0,0,0,0
166,Joselu,FWD,Espanyol,103,20,38,11,2,0,2,0,0,0,0,0,17,0
167,Wu Lei,FWD,Espanyol,0,20,0,0,0,0,0,0,0,0,0,0,0,0
168,Raul De Tomas,FWD,Rayo Vallecano,2,20,2,0,0,0,0,0,0,0,0,0,0,0
169,Inaki Pena,GK,FC Barcelona,0,20,0,0,0,0,0,0,0,0,0,0,0,0
170,Ter Stegen,GK,FC Barcelona,112,20,40,0,0,15,0,0,0,0,6,0,7,1
171,Alejandro Balde,DEF,FC Barcelona,81,20,32,0,4,10,2,0,0,0,0,0,0,1
172,Sergi Roberto,DEF,FC Barcelona,41,20,17,2,0,3,1,0,0,0,0,0,2,1
173,Andreas Christensen,DEF,FC Barcelona,41,20,18,0,1,4,2,0,0,0,0,0,6,0
174,Samuel Umtiti,DEF,FC Barcelona,0,20,0,0,0,0,0,0,0,0,0,0,0,0
175,Eric Garcia,DEF,FC Barcelona,39,20,17,1,0,4,2,0,0,0,0,0,3,1
176,Jules Kounde,DEF,FC Barcelona,76,20,25,0,2,10,0,0,1,0,0,0,8,1
177,Sergino Dest,DEF,FC Barcelona,0,20,0,0,0,0,0,0,0,0,0,0,0,0
178,Ronald Araujo,DEF,FC Barcelona,53,20,20,0,1,8,4,0,0,0,0,0,2,0
179,Jordi Alba,DEF,FC Barcelona,70,20,23,1,3,7,2,1,0,0,0,0,9,0
180,Gerard Pique,DEF,FC Barcelona,25,20,10,0,0,4,3,0,0,0,0,0,2,0
181,Pablo Torre,MID,FC Barcelona,0,20,0,0,0,0,0,0,0,0,0,0,0,0
182,Miralem Pjanic,MID,FC Barcelona,0,20,0,0,0,0,0,0,0,0,0,0,0,0
183,Franck Kessie,MID,FC Barcelona,15,20,14,0,1,1,3,0,0,0,0,0,0,0
184,Sergio Busquets,MID,FC Barcelona,42,20,31,0,1,11,4,1,0,0,0,0,4,0
185,Gavi,MID,FC Barcelona,53,20,32,1,2,11,4,0,0,0,0,0,3,0
186,Raphinha,MID,FC Barcelona,89,20,30,4,4,10,2,0,0,0,0,0,19,0
187,Pedri,MID,FC Barcelona,91,20,38,5,0,13,2,0,0,0,0,0,17,0
188,Frenkie De Jong,MID,FC Barcelona,57,20,29,2,1,7,0,0,0,0,0,0,8,0
189,Martin Braithwaite,FWD,Espanyol,50,20,29,5,1,0,2,1,0,0,0,0,3,0
190,Ferran Torres,FWD,FC Barcelona,23,20,22,2,0,0,4,1,0,0,0,0,0,0
191,Memphis Depay,FWD,Atletico Madrid,7,20,4,1,0,0,1,0,0,0,0,0,0,0
192,Pierre-Emerick Aubameyang,FWD,FC Barcelona,1,20,1,0,0,0,0,0,0,0,0,0,0,0
193,Ousmane Dembele,FWD,FC Barcelona,68,20,30,5,5,1,4,0,0,0,0,0,7,0
194,Ansu Fati,FWD,FC Barcelona,46,20,25,3,3,0,2,0,0,0,0,0,2,0
195,Robert Lewandowski,FWD,FC Barcelona,113,20,32,14,4,1,0,1,0,1,0,0,18,0
196,Diego Conde,GK,Getafe,0,20,0,0,0,0,0,0,0,0,0,0,0,0
197,David Soria,GK,Getafe,93,20,40,0,0,6,1,0,0,0,15,2,13,8
198,Gaston Alvarez,DEF,Getafe,30,20,15,2,0,2,2,1,0,0,0,0,1,1
199,Juan Iglesias,DEF,Getafe,45,20,32,1,0,4,4,0,0,0,0,0,2,7
200,Amankwaa Akurugu,DEF,Getafe,0,20,0,0,0,0,0,0,0,0,0,0,0,0
201,Fabrizio Angileri,DEF,Getafe,3,20,12,0,0,0,2,1,0,0,0,0,0,4
202,Stefan Mitrovic,DEF,Getafe,35,20,25,0,0,4,3,0,0,0,0,0,0,3
203,Damian Suarez,DEF,Getafe,37,20,23,1,0,3,2,0,0,0,0,0,1,3
204,Domingos Duarte,DEF,Getafe,51,20,37,0,2,5,7,0,1,0,0,0,5,8
205,Djene,DEF,Getafe,47,20,35,0,0,5,5,0,0,0,0,0,4,7
206,Angel Algobia,MID,Getafe,21,20,22,0,0,1,2,0,0,0,0,0,0,0
207,Jaime Seoane,MID,Getafe,13,20,12,0,0,1,0,0,0,0,0,0,0,0
208,Jakub Jankto,MID,Getafe,0,20,0,0,0,0,0,0,0,0,0,0,0,0
209,Luis Milla,MID,Getafe,34,20,27,0,0,4,1,1,0,0,0,0,7,0
210,Portu,MID,Getafe,26,20,22,0,2,3,2,1,0,0,0,0,0,0
211,Mauro Arambarri,MID,Getafe,16,20,14,0,1,2,0,1,0,0,0,0,0,0
212,Nemanja Maksimovic,MID,Getafe,20,20,18,0,0,2,0,0,0,0,0,0,0,0
213,Carles Alena,MID,Getafe,52,20,35,2,2,6,8,0,0,0,0,0,3,0
214,John Joe Patrick Finn,FWD,Getafe,0,20,0,0,0,0,0,0,0,0,0,0,0,0
215,Jaime Mata,FWD,Getafe,4,20,6,0,0,0,2,0,0,0,0,0,0,0
216,Borja Mayoral,FWD,Getafe,54,20,40,4,0,0,3,0,0,1,0,0,3,0
217,Enes Unal,FWD,Getafe,79,20,40,6,3,0,4,0,0,1,0,0,12,0
218,Juan Carlos,GK,Girona,22,20,20,0,0,0,0,0,0,0,5,0,2,5
219,Biel Farres,DEF,Girona,0,20,0,0,0,0,0,0,0,0,0,0,0,0
220,Eric Monjonell,DEF,Girona,0,20,0,0,0,0,0,0,0,0,0,0,0,0
221,Juanpe,DEF,Girona,11,20,17,0,0,0,3,0,0,0,0,0,0,3
222,Santiago Bueno,DEF,Girona,37,20,38,0,1,1,2,1,0,0,0,0,4,7
223,Arnau Martinez,DEF,Girona,35,20,30,2,1,0,5,0,0,0,0,0,1,6
224,Bernardo Espinos,DEF,Girona,20,20,20,0,1,1,2,0,0,0,0,0,0,5
225,Miguel Gutierrez,DEF,Girona,40,20,35,0,2,2,4,0,0,0,0,0,1,6
226,Ramon Terrats,MID,Girona,10,20,10,0,0,0,0,0,0,0,0,0,0,0
227,Ibrahim Kebe,MID,Girona,0,20,0,0,0,0,0,0,0,0,0,0,0,0
228,Ivan Martin,MID,Girona,25,20,13,2,0,1,0,0,0,0,0,0,1,0
229,Valery Fernandez,MID,Girona,29,20,20,0,2,2,1,0,0,0,0,0,2,0
230,Borja Garcia,MID,Girona,8,20,2,1,0,1,0,0,0,0,0,0,0,0
231,David Lopez,MID,Girona,42,20,22,2,1,0,3,0,0,0,0,0,10,2
232,Aleix Garcia,MID,Girona,81,20,40,0,4,1,1,0,0,0,0,0,29,0
233,Rodrigo Riquelme,MID,Girona,47,20,29,3,1,0,0,0,0,0,0,0,0,0
234,Yan Couto,MID,Girona,24,20,20,0,1,0,1,0,0,0,0,0,2,0
235,Yangel Herrera,MID,Girona,38,20,23,2,2,0,2,0,0,0,0,0,1,0
236,Joel Roca,FWD,Girona,2,20,2,0,0,0,0,0,0,0,0,0,0,0
237,Pau Victor,FWD,Girona,0,20,0,0,0,0,0,0,0,0,0,0,0,0
238,Oscar Urena,FWD,Girona,3,20,3,0,0,0,0,0,0,0,0,0,0,0
239,Samu Saiz,FWD,Girona,17,20,9,2,0,0,1,0,0,0,0,0,1,0
240,Christhian Stuani,FWD,Girona,38,20,23,5,0,0,5,0,0,1,0,0,2,0
241,Valentin Castellanos,FWD,Girona,49,20,37,4,0,1,6,0,0,0,0,0,2,0
242,Stole Dimitrievski,GK,Rayo Vallecano,88,20,38,0,0,8,3,0,0,0,12,0,16,7
243,Diego Lopez,GK,Rayo Vallecano,1,20,2,0,0,0,0,0,0,0,0,0,0,1
244,Mario Hernandez,DEF,Rayo Vallecano,0,20,0,0,0,0,0,0,0,0,0,0,0,0
245,Esteban Saveljich,DEF,Rayo Vallecano,0,20,0,0,0,0,0,0,0,0,0,0,0,0
246,Mario Suarez,DEF,Rayo Vallecano,1,20,1,0,0,0,0,0,0,0,0,0,0,0
247,Ivan Balliu,DEF,Rayo Vallecano,58,20,40,0,0,8,3,0,2,0,0,0,1,8
248,Florian Lejeune,DEF,Rayo Vallecano,76,20,34,3,0,7,2,1,0,0,0,0,8,7
249,Alejandro Catena,DEF,Rayo Vallecano,70,20,38,1,1,8,6,0,0,0,0,0,4,7
250,Fran Garcia,DEF,Rayo Vallecano,71,20,40,0,2,8,0,0,0,0,0,0,1,8
251,Ruben de Tomas,MID,Rayo Vallecano,0,20,0,0,0,0,0,0,0,0,0,0,0,0
252,Jose Pozo,MID,Rayo Vallecano,6,20,6,0,0,0,0,0,0,0,0,0,0,0
253,Salvi,MID,Rayo Vallecano,10,20,12,0,0,0,2,0,0,0,0,0,0,0
254,Oscar Valentin,MID,Rayo Vallecano,35,20,30,0,0,7,6,0,0,0,0,0,4,0
255,Unai Lopez,MID,Rayo Vallecano,42,20,25,1,2,4,1,0,0,0,0,0,3,0
256,Isi Palazon,MID,Rayo Vallecano,80,20,35,5,4,8,3,0,0,1,0,0,5,0
257,Bebe,MID,Rayo Vallecano,3,20,4,0,0,0,1,0,0,0,0,0,0,0
258,Santi Comesana,MID,Rayo Vallecano,43,20,30,1,0,8,2,0,0,0,0,0,2,0
259,Randy Nteka,MID,Elche,8,20,11,0,0,0,0,1,0,0,0,0,0,0
260,Ismaila Ciss,MID,Rayo Vallecano,35,20,26,1,0,3,4,0,0,0,0,0,5,0
261,Alvaro Garcia,MID,Rayo Vallecano,71,20,35,4,2,7,3,0,0,0,0,0,6,0
262,Oscar Trejo,MID,Rayo Vallecano,49,20,32,2,3,6,8,0,0,1,0,0,2,0
263,Sergio Moreno,FWD,Rayo Vallecano,0,20,0,0,0,0,0,0,0,0,0,0,0,0
264,Andres Martin,FWD,Rayo Vallecano,0,20,0,0,0,0,0,0,0,0,0,0,0,0
265,Lass Bangoura,FWD,Rayo Vallecano,0,20,0,0,0,0,0,0,0,0,0,0,0,0
266,Sergio Camello,FWD,Rayo Vallecano,73,20,37,5,3,0,1,0,0,0,0,0,8,0
267,Radamel Falcao,FWD,Rayo Vallecano,25,20,19,2,0,0,3,0,0,0,0,0,1,0
268,Ivan Villar,GK,Celta Vigo,0,20,0,0,0,0,0,0,0,0,0,0,0,0
269,Agustin Marchesin,GK,Celta Vigo,75,20,38,0,0,6,3,0,0,0,10,2,7,11
270,Carlos Dominguez,DEF,Celta Vigo,1,20,1,0,0,0,0,0,0,0,0,0,0,0
271,Kevin Vasquez,DEF,Celta Vigo,9,20,5,0,0,1,0,0,0,0,0,0,0,0
272,Hugo Mallo,DEF,Celta Vigo,32,20,29,0,0,4,4,0,0,0,0,0,0,9
273,Unai Nunez,DEF,Celta Vigo,49,20,38,0,0,6,5,0,1,0,0,0,4,10
274,Javi Galan,DEF,Celta Vigo,55,20,39,0,1,6,2,0,0,0,0,0,3,12
275,Joseph Aidoo,DEF,Celta Vigo,68,20,40,2,0,6,3,0,0,0,0,0,7,12
276,Oscar Mingueza,DEF,Celta Vigo,30,20,25,0,0,3,2,0,0,0,0,0,0,5
277,Gabriel Veiga,MID,Celta Vigo,68,20,30,6,2,4,3,1,0,0,0,0,4,0
278,Augusto Solari,MID,Celta Vigo,11,20,8,0,1,0,0,0,0,0,0,0,0,0
279,Miguel Baeza,MID,Celta Vigo,0,20,0,0,0,0,0,0,0,0,0,0,0,0
280,Luca De La Torre,MID,Celta Vigo,20,20,14,0,2,1,1,0,0,0,0,0,0,0
281,Williot Swedberg,MID,Celta Vigo,0,20,0,0,0,0,0,0,0,0,0,0,0,0
282,Fran Beltran,MID,Celta Vigo,41,20,37,0,1,4,3,0,0,0,0,0,0,0
283,Franco Cervi,MID,Celta Vigo,40,20,33,0,2,4,0,1,0,0,0,0,0,0
284,Oscar Rodriguez,MID,Celta Vigo,44,20,31,2,0,3,3,0,0,0,0,0,3,0
285,Denis Suarez,MID,Espanyol,1,20,1,0,0,0,0,0,0,0,0,0,0,0
286,Renato Tapia,MID,Celta Vigo,20,20,21,0,0,2,3,0,0,0,0,0,0,0
287,Goncalo Paciencia,FWD,Celta Vigo,14,20,15,1,0,0,2,1,0,0,0,0,0,0
288,Santi Mina,FWD,Celta Vigo,0,20,0,0,0,0,0,0,0,0,0,0,0,0
289,Carles Perez,FWD,Celta Vigo,32,20,24,0,3,1,1,0,0,0,0,0,0,0
290,Iago Aspas,FWD,Celta Vigo,97,20,38,9,3,0,3,0,0,1,0,0,19,0
291,Predrag Rajkovic,GK,Mallorca,91,20,40,0,0,8,2,0,0,0,10,1,11,5
292,Dominik Greif,GK,Mallorca,0,20,0,0,0,0,0,0,0,0,0,0,0,0
293,Toni Frau,DEF,Mallorca,0,20,0,0,0,0,0,0,0,0,0,0,0,0
294,Josep Gaya,DEF,Mallorca,0,20,0,0,0,0,0,0,0,0,0,0,0,0
295,Copete,DEF,Mallorca,54,20,31,0,0,6,5,0,0,0,0,0,6,2
296,Antonio Raillo,DEF,Mallorca,74,20,38,1,0,7,6,0,0,0,0,0,13,5
297,Brian Cufre,DEF,Mallorca,6,20,6,0,0,0,0,0,0,0,0,0,0,0
298,Jaume Costa,DEF,Mallorca,60,20,34,0,1,8,5,0,0,0,0,0,1,5
299,Franco Russo,DEF,Mallorca,2,20,2,0,0,0,0,0,0,0,0,0,0,0
300,Giovanni Gonzalez,DEF,Mallorca,28,20,9,0,1,4,1,0,0,0,0,0,1,0
301,Martin Valjent,DEF,Mallorca,55,20,34,0,0,7,7,0,0,0,0,0,4,4
302,Pablo Maffeo,DEF,Mallorca,59,20,34,1,2,5,4,1,0,0,0,0,5,5
303,Antonio Sanchez,MID,Mallorca,20,20,23,0,0,1,4,0,0,0,0,0,0,0
304,Inigo Ruiz de Galarreta,MID,Mallorca,30,20,29,0,0,6,6,0,0,0,0,0,1,0
305,Clement Grenier,MID,Mallorca,14,20,18,0,0,3,7,0,0,0,0,0,0,0
306,Dani Rodriguez,MID,Mallorca,45,20,32,1,2,7,5,0,0,0,0,0,0,0
307,Rodrigo Battaglia,MID,Mallorca,15,20,18,0,0,2,5,0,0,0,0,0,0,0
308,Jordi Mboula,MID,Mallorca,0,20,0,0,0,0,0,0,0,0,0,0,0,0
309,Iddrisu Baba,MID,Mallorca,24,20,24,0,0,3,3,0,0,0,0,0,0,0
310,Kang-in Lee,MID,Mallorca,70,20,36,2,3,6,5,0,0,0,0,0,14,0
311,Javi Llabres,FWD,Mallorca,1,20,1,0,0,0,0,0,0,0,0,0,0,0
312,Alex Alegria,FWD,Mallorca,0,20,0,0,0,0,0,0,0,0,0,0,0,0
313,Abdon Prats,FWD,Mallorca,18,20,13,1,0,0,0,0,0,0,0,0,1,0
314,Lago Junior,FWD,Mallorca,5,20,5,0,0,0,0,0,0,0,0,0,0,0
315,Amath Ndiaye,FWD,Mallorca,11,20,9,1,0,0,2,0,0,0,0,0,0,0
316,Angel Rodriguez,FWD,Mallorca,9,20,9,0,0,0,0,0,0,0,0,0,0,0
317,Matthew Hoppe,FWD,Mallorca,0,20,0,0,0,0,0,0,0,0,0,0,0,0
318,Vedat Muriqi,FWD,Mallorca,71,20,36,8,1,0,4,1,0,1,0,0,9,0
319,Rui Silva,GK,Real Betis,67,20,34,0,0,7,2,0,0,0,8,0,5,6
320,Claudio Bravo,GK,Real Betis,14,20,6,0,0,1,1,0,0,0,2,0,3,0
321,Felix Marti,DEF,Real Betis,6,20,2,0,0,1,0,0,0,0,0,0,0,0
322,Edgar Gonzalez,DEF,Real Betis,42,20,26,0,0,4,2,1,0,0,0,0,7,2
323,Martin Montoya,DEF,Real Betis,4,20,4,0,0,0,0,0,0,0,0,0,0,0
324,Victor Ruiz,DEF,Real Betis,11,20,9,0,0,1,0,0,0,0,0,0,0,2
325,Alex Moreno,DEF,Real Betis,60,20,30,0,3,6,1,0,0,0,0,0,1,3
326,Marc Bartra,DEF,Real Betis,0,20,0,0,0,0,0,0,0,0,0,0,0,0
327,Luiz Felipe,DEF,Real Betis,24,20,19,0,0,3,1,3,0,0,0,0,7,4
328,Juan Miranda,DEF,Real Betis,16,20,8,0,0,2,0,0,0,0,0,0,2,2
329,German Pezzella,DEF,Real Betis,50,20,31,0,0,6,2,2,0,0,0,0,7,4
330,Youssouf Sabaly,DEF,Real Betis,39,20,23,0,0,4,0,0,0,0,0,0,5,5
331,Aitor Ruibal,MID,Real Betis,25,20,24,0,0,3,3,0,0,0,0,0,1,0
332,Victor Camarasa,MID,Real Betis,0,20,0,0,0,0,0,0,0,0,0,0,0,0
333,Paul Akouokou,MID,Real Betis,7,20,8,0,0,1,2,0,0,0,0,0,0,0
334,Rodri Sanchez,MID,Real Betis,33,20,24,1,0,4,0,0,0,0,0,0,0,0
335,Juanmi,MID,Real Betis,31,20,14,3,0,2,3,0,0,0,0,0,3,0
336,Joaquin,MID,Real Betis,11,20,9,0,1,1,2,0,0,0,0,0,0,0
337,Luiz Henrique,MID,Real Betis,39,20,29,1,1,3,4,0,0,0,0,0,3,0
338,Sergio Canales,MID,Real Betis,46,20,32,2,0,5,2,1,0,0,0,0,4,0
339,Andres Guardado,MID,Real Betis,18,20,19,0,0,2,3,0,0,0,0,0,0,0
340,William Carvalho,MID,Real Betis,52,20,32,2,0,8,4,1,0,0,0,0,9,0
341,Guido Rodriguez,MID,Real Betis,36,20,32,0,0,6,3,0,0,0,0,0,1,0
342,Nabil Fekir,MID,Real Betis,35,20,21,2,2,5,5,1,0,0,0,0,1,0
343,Loren Moron,FWD,Real Betis,1,20,2,0,0,0,1,0,0,0,0,0,0,0
344,Borja Iglesias,FWD,Real Betis,85,20,35,9,3,0,0,1,0,0,0,0,8,0
345,Willian Jose,FWD,Real Betis,17,20,17,0,0,0,0,0,0,0,0,0,0,0
346,Andriy Lunin,GK,Real Madrid,23,20,10,0,0,2,0,0,0,0,2,0,3,0
347,Thibaut Courtois,GK,Real Madrid,58,20,30,0,0,4,0,0,0,0,10,0,4,2
348,Vinicius Tobias,DEF,Real Madrid,0,20,0,0,0,0,0,0,0,0,0,0,0,0
349,Jesus Vallejo,DEF,Real Madrid,0,20,0,0,0,0,0,0,0,0,0,0,0,0
350,Alvaro Odriozola,DEF,Real Madrid,0,20,0,0,0,0,0,0,0,0,0,0,0,0
351,Nacho Fernandez,DEF,Real Madrid,26,20,16,0,0,3,2,0,1,0,0,0,2,0
352,Lucas Vasquez,DEF,Real Madrid,27,20,14,2,0,0,1,0,0,0,0,0,2,0
353,Ferland Mendy,DEF,Real Madrid,34,20,27,0,1,2,2,0,0,0,0,0,0,2
354,Daniel Carvajal,DEF,Real Madrid,36,20,26,0,1,2,3,0,0,0,0,0,3,1
355,Antonio Rudiger,DEF,Real Madrid,62,20,33,1,0,6,1,0,0,0,0,0,1,1
356,Eder Militao,DEF,Real Madrid,65,20,27,3,0,4,1,0,0,0,0,0,7,2
357,David Alaba,DEF,Real Madrid,56,20,32,1,3,3,3,0,0,0,0,0,2,2
358,Dani Ceballos,MID,Real Madrid,29,20,19,0,1,4,2,0,0,0,0,0,5,0
359,Reinier,MID,Girona,14,20,10,1,0,0,1,0,0,0,0,0,0,0
360,Aurelien Tchouameni,MID,Real Madrid,41,20,27,0,2,1,1,0,0,0,0,0,8,0
361,Federico Valverde,MID,Real Madrid,87,20,36,6,2,5,2,0,0,0,0,0,12,0
362,Eduardo Camavinga,MID,Real Madrid,35,20,28,0,1,5,3,0,0,0,0,0,2,0
363,Casemiro,MID,Real Madrid,1,20,1,0,0,0,0,0,0,0,0,0,0,0
364,Toni Kroos,MID,Real Madrid,64,20,31,2,2,4,0,1,0,0,0,0,16,0
365,Luka Modric,MID,Real Madrid,56,20,31,3,2,3,4,0,0,0,0,0,5,0
366,Mariano Diaz,FWD,Real Madrid,2,20,3,0,0,0,1,0,0,0,0,0,0,0
367,Marco Asensio,FWD,Real Madrid,37,20,20,2,3,3,1,0,0,1,0,0,3,0
368,Rodrygo,FWD,Real Madrid,71,20,30,4,5,0,1,0,0,0,0,0,11,0
369,Vinicius Junior,FWD,Real Madrid,84,20,40,7,3,0,5,0,0,0,0,0,12,0
370,Eden Hazard,FWD,Real Madrid,1,20,3,0,0,0,0,0,0,1,0,0,0,0
371,Karim Benzema,FWD,Real Madrid,81,20,24,9,3,0,1,0,0,1,0,0,15,0
372,Andoni Zubiaurre,GK,Real Sociedad,0,20,0,0,0,0,0,0,0,0,0,0,0,0
373,Alex Remiro,GK,Real Sociedad,90,20,40,0,0,8,1,0,0,0,10,1,9,5
374,Aritz Arambarri,DEF,Real Sociedad,0,20,0,0,0,0,0,0,0,0,0,0,0,0
375,Alex Sola,DEF,Real Sociedad,13,20,8,0,0,1,1,0,0,0,0,0,3,1
376,Urko Gonzalez,DEF,Real Sociedad,0,20,0,0,0,0,0,0,0,0,0,0,0,0
377,Jon Pacheco,DEF,Real Sociedad,19,20,16,0,0,2,2,0,0,0,0,0,0,3
378,Aihen Munoz,DEF,Real Sociedad,21,20,17,0,0,2,0,0,0,0,0,0,0,4
379,Andoni Gorosabel,DEF,Real Sociedad,25,20,20,0,0,2,2,0,0,0,0,0,0,1
380,Jonathan Gomez,DEF,Real Sociedad,0,20,0,0,0,0,0,0,0,0,0,0,0,0
381,Diego Rico,DEF,Real Sociedad,41,20,22,0,0,5,2,0,0,0,0,0,1,1
382,Igor Zubeldia,DEF,Real Sociedad,57,20,30,1,0,6,4,0,0,0,0,0,4,3
383,Aritz Elustondo,DEF,Real Sociedad,53,20,27,0,1,7,4,1,0,0,0,0,4,2
384,Robin Le Normand,DEF,Real Sociedad,58,20,32,0,0,7,4,0,0,0,0,0,4,2
385,Ander Martin,MID,Real Sociedad,0,20,0,0,0,0,0,0,0,0,0,0,0,0
386,Jon Ander Olasagasti,MID,Real Sociedad,0,20,0,0,0,0,0,0,0,0,0,0,0,0
387,Peter Pokorny,MID,Real Sociedad,0,20,0,0,0,0,0,0,0,0,0,0,0,0
388,Benat Turrientes,MID,Real Sociedad,6,20,6,0,0,0,0,0,0,0,0,0,0,0
389,Ander Guevara,MID,Real Sociedad,0,20,0,0,0,0,0,0,0,0,0,0,0,0
390,Asier Illarramendi,MID,Real Sociedad,22,20,15,1,0,3,3,0,0,0,0,0,2,0
391,Martin Zubimendi,MID,Real Sociedad,53,20,36,1,2,6,6,0,0,0,0,0,6,0
392,Brais Mendez,MID,Real Sociedad,93,20,34,7,3,6,5,0,0,0,0,0,14,0
393,Mikel Merino,MID,Real Sociedad,70,20,30,1,7,5,5,0,0,1,0,0,16,0
394,David Silva,MID,Real Sociedad,43,20,29,1,1,7,2,0,0,0,0,0,1,0
395,Takefusa Kubo,MID,Real Sociedad,58,20,31,2,2,7,2,0,0,0,0,0,6,0
396,Jon Karrikaburu,FWD,Real Sociedad,5,20,6,0,0,0,1,0,0,0,0,0,0,0
397,Martin Merquelanz,FWD,Real Sociedad,0,20,0,0,0,0,0,0,0,0,0,0,0,0
398,Carlos Fernandez,FWD,Real Sociedad,8,20,9,0,0,0,1,0,0,0,0,0,0,0
399,Robert Navarro,FWD,Real Sociedad,13,20,15,0,0,0,2,0,0,0,0,0,0,0
400,Ander Barrenetxea,FWD,Real Sociedad,10,20,7,1,0,0,2,0,0,0,0,0,0,0
401,Mohamed-Ali Cho,FWD,Real Sociedad,19,20,11,0,2,0,1,0,0,0,0,0,3,0
402,Mikel Oyarzabal,FWD,Real Sociedad,6,20,6,0,0,0,0,0,0,0,0,0,0,0
403,Alexander Isak,FWD,Real Sociedad,8,20,4,1,0,0,0,0,0,0,0,0,0,0
404,Roberto Jimenez,GK,Real Valladolid,0,20,0,0,0,0,0,0,0,0,0,0,0,0
405,Jordi Masip,GK,Real Valladolid,74,20,30,0,0,4,2,0,0,0,11,3,11,7
406,Sergio Asenjo,GK,Real Valladolid,13,20,10,0,0,1,0,0,0,0,1,0,0,2
407,Adrian Gomez,DEF,Real Valladolid,0,20,0,0,0,0,0,0,0,0,0,0,0,0
408,Luis Perez,DEF,Real Valladolid,25,20,15,0,1,2,1,0,0,0,0,0,4,4
409,Joaquin Fernandez,DEF,Real Valladolid,48,20,29,1,0,4,3,0,0,0,0,0,6,6
410,Sergio Escudero,DEF,Real Valladolid,28,20,17,0,0,3,2,0,0,0,0,0,4,3
411,Javi Sanchez,DEF,Real Valladolid,51,20,34,1,0,5,7,0,0,0,0,0,5,7
412,Lucas Olaza,DEF,Real Valladolid,21,20,21,0,0,2,3,0,0,0,0,0,0,5
413,Jawad El Yamiq,DEF,Real Valladolid,15,20,18,0,0,1,0,1,0,0,0,0,0,4
414,Victor Garcia,MID,Real Valladolid,0,20,0,0,0,0,0,0,0,0,0,0,0,0
415,Kike Perez,MID,Real Valladolid,41,20,34,0,1,4,4,0,0,0,0,0,4,0
416,Alvaro Aguado,MID,Real Valladolid,37,20,29,0,2,2,2,0,0,0,0,0,2,0
417,Ivan Sanchez,MID,Real Valladolid,25,20,22,0,0,3,0,0,0,0,0,0,0,0
418,Moha Moukhliss,MID,Real Valladolid,0,20,0,0,0,0,0,0,0,0,0,0,0,0
419,Toni Villa,MID,Real Valladolid,33,20,25,1,1,2,2,0,0,0,0,0,0,0
420,Oscar Plano,MID,Real Valladolid,40,20,30,1,1,3,2,0,0,0,0,0,0,0
421,Roque Mesa,MID,Real Valladolid,43,20,27,2,1,4,5,0,0,0,0,0,4,0
422,Anuar,MID,Real Valladolid,12,20,5,1,0,0,1,0,0,0,0,0,3,0
423,Monchu,MID,Real Valladolid,40,20,27,1,1,4,4,0,0,0,0,0,5,0
424,Gonzalo Plata,MID,Real Valladolid,33,20,23,0,2,2,0,0,0,0,0,0,2,0
425,Waldo Marin,FWD,Real Valladolid,0,20,0,0,0,0,0,0,0,0,0,0,0,0
426,Sekou Gassama,FWD,Real Valladolid,1,20,1,0,0,0,0,0,0,0,0,0,0,0
427,Hugo Vallejo,FWD,Real Valladolid,0,20,0,0,0,0,0,0,0,0,0,0,0,0
428,Sergio Leon,FWD,Real Valladolid,50,20,24,5,1,0,0,1,0,1,0,0,8,0
429,Stiven Plaza,FWD,Real Valladolid,0,20,0,0,0,0,0,0,0,0,0,0,0,0
430,Sergi Guardiola,FWD,Cadiz,20,20,21,0,0,0,1,0,0,0,0,0,0,0
431,Shon Weissman,FWD,Real Valladolid,23,20,20,1,0,0,1,0,0,0,0,0,0,0
432,Marko Dmitrovic,GK,Sevilla,8,20,5,0,0,0,1,0,0,0,3,0,1,0
433,Bono,GK,Sevilla,60,20,35,0,0,3,2,0,0,0,13,1,6,9
434,Karim Rekik,DEF,Sevilla,28,20,16,1,1,2,1,0,0,0,0,0,0,4
435,Marcao,DEF,Sevilla,10,20,8,0,0,1,2,0,0,0,0,0,1,1
436,Jesus Navas,DEF,Sevilla,21,20,25,0,0,1,3,0,1,0,0,0,0,3
437,Gonzalo Montiel,DEF,Sevilla,18,20,19,0,1,1,3,1,0,0,0,0,1,3
438,Marcos Acuna,DEF,Sevilla,39,20,24,2,1,1,4,1,0,0,0,0,6,3
439,Alex Telles,DEF,Sevilla,26,20,20,0,2,2,4,0,0,0,0,0,0,4
440,Nemanja Gudelj,MID,Sevilla,52,20,34,2,0,2,4,0,0,0,0,0,10,4
441,Oliver Torres,MID,Sevilla,58,20,32,3,1,4,1,0,0,0,0,0,5,0
442,Rony Lopes,MID,Sevilla,0,20,0,0,0,0,0,0,0,0,0,0,0,0
443,Joan Jordan,MID,Sevilla,28,20,27,0,1,1,4,0,0,0,0,0,1,0
444,Fernando,MID,Sevilla,22,20,22,0,0,2,2,0,0,0,0,0,0,0
445,Thomas Delaney,MID,Sevilla,6,20,9,0,0,0,3,0,0,0,0,0,0,0
446,Jesus Corona,MID,Sevilla,2,20,2,0,0,0,0,0,0,0,0,0,0,0
447,Erik Lamela,MID,Sevilla,42,20,30,3,0,3,5,1,0,0,0,0,2,0
448,Papu Gomez,MID,Sevilla,21,20,19,0,1,0,4,0,0,0,0,0,3,0
449,Ivan Rakitic,MID,Sevilla,39,20,25,1,2,4,3,1,0,0,0,0,5,0
450,Isco,MID,Sevilla,24,20,21,0,2,2,5,0,0,0,0,0,0,0
451,Rafa Mir,FWD,Sevilla,37,20,23,3,0,0,1,0,0,0,0,0,3,0
452,Suso,FWD,Sevilla,13,20,10,0,1,1,1,0,0,0,0,0,1,0
453,Lucas Ocampos,FWD,Sevilla,6,20,8,0,0,1,2,0,0,0,0,0,0,0
454,Munir El Haddadi,FWD,Getafe,15,20,12,1,0,0,3,0,0,0,0,0,2,0
455,Youssef En-Nesyri,FWD,Sevilla,29,20,20,2,0,0,1,0,0,0,0,0,2,0
456,Dragan Rosic,GK,Almeria,0,20,0,0,0,0,0,0,0,0,0,0,0,0
457,Fernando Martinez,GK,Almeria,68,20,38,0,0,1,1,0,0,0,20,1,11,9
458,Ivan Martos,DEF,Almeria,0,20,0,0,0,0,0,0,0,0,0,0,0,0
459,Juanjo Nieto,DEF,Almeria,0,20,0,0,0,0,0,0,0,0,0,0,0,0
460,Jonathan Silva,DEF,Almeria,0,20,0,0,0,0,0,0,0,0,0,0,0,0
461,Alex Centelles,DEF,Almeria,0,20,0,0,0,0,0,1,0,0,0,0,0,0
462,Houboulang Mendes,DEF,Almeria,12,20,17,0,1,0,1,0,0,0,0,0,0,7
463,Arnau Sola,DEF,Almeria,0,20,0,0,0,0,0,0,0,0,0,0,0,0
464,Nikola Maras,DEF,Almeria,0,20,0,0,0,0,0,0,0,0,0,0,0,0
465,Srdan Babic,DEF,Almeria,38,20,33,1,0,1,2,0,0,0,0,0,4,7
466,Alejandro Pozo,DEF,Almeria,36,20,25,0,1,1,0,0,0,0,0,0,6,2
467,Rodrigo Ely,DEF,Almeria,25,20,39,0,0,1,3,1,1,0,0,0,0,10
468,Chumi,DEF,Almeria,19,20,17,1,0,0,1,0,0,0,0,0,1,4
469,Sergio Akieme Rodriguez,DEF,Almeria,33,20,40,0,0,1,4,0,0,0,0,0,3,10
470,Kaiky,DEF,Almeria,4,20,12,0,0,0,5,0,0,0,0,0,0,4
471,Cesar de la Hoz,MID,Almeria,25,20,20,1,0,1,4,0,0,0,0,0,3,0
472,Curro,MID,Almeria,1,20,2,0,0,0,1,0,0,0,0,0,0,0
473,Gui,MID,Almeria,0,20,0,0,0,0,0,0,0,0,0,0,0,0
474,Inigo Eguaras,MID,Almeria,24,20,19,1,1,0,3,0,0,0,0,0,0,0
475,Jose Carlos Lazo,MID,Almeria,17,20,9,1,0,0,0,0,0,0,0,0,3,0
476,Francisco Portillo,MID,Almeria,25,20,14,2,0,0,1,0,0,0,0,0,2,0
477,Samuel Costa,MID,Almeria,27,20,27,0,0,0,3,0,0,0,0,0,3,0
478,Martin Svidersky,MID,Almeria,0,20,0,0,0,0,0,0,0,0,0,0,0,0
479,Arnau Puigmal,MID,Almeria,9,20,12,0,0,0,3,0,0,0,0,0,0,0
480,Lucas Robertone,MID,Almeria,60,20,38,1,3,4,5,0,0,0,0,0,9,0
481,Arvin Appiah,FWD,Almeria,0,20,0,0,0,0,0,0,0,0,0,0,0,0
482,Marko Milovanovic,FWD,Almeria,1,20,2,0,0,0,1,0,0,0,0,0,0,0
483,Dyego Sousa,FWD,Almeria,16,20,14,0,1,0,1,0,0,0,0,0,0,0
484,Jordi Escobar,FWD,Almeria,0,20,0,0,0,0,0,0,0,0,0,0,0,0
485,Largie Ramazani,FWD,Almeria,34,20,29,2,0,0,4,0,0,1,0,0,3,0
486,Umar Sadiq,FWD,Real Sociedad,19,20,8,3,0,0,1,0,0,0,0,0,0,0
487,Cristian Rivero,GK,Valencia,0,20,0,0,0,0,0,0,0,0,0,0,0,0
488,Jaume Domenech,GK,Valencia,0,20,0,0,0,0,0,0,0,0,0,0,0,0
489,Giorgi Mamardashvili,GK,Valencia,67,20,40,0,0,3,1,0,0,0,15,0,8,7
490,Cristhian Mosquera,DEF,Valencia,4,20,4,0,0,0,0,0,0,0,0,0,0,0
491,Jesus Vazquez,DEF,Valencia,10,20,7,0,0,1,1,0,0,0,0,0,0,0
492,Dimitri Foulquier,DEF,Valencia,17,20,18,0,1,0,2,0,0,0,0,0,0,2
493,Toni Lato,DEF,Valencia,30,20,18,1,0,1,0,0,0,0,0,0,2,0
494,Eray Comert,DEF,Valencia,37,20,29,1,0,2,4,1,0,0,0,0,3,2
495,Thierry Correia,DEF,Valencia,39,20,32,0,0,3,3,0,0,0,0,0,3,5
496,Mouctar Diakhaby,DEF,Valencia,40,20,25,2,0,3,5,1,0,0,0,0,3,4
497,Gabriel Paulista,DEF,Valencia,18,20,20,1,0,0,1,1,0,0,0,0,1,5
498,Jose Luis Gaya,DEF,Valencia,61,20,32,1,2,3,3,0,0,1,0,0,17,7
499,Yellu Santiago,MID,Valencia,0,20,0,0,0,0,0,0,0,0,0,0,0,0
500,Koba Koindredi,MID,Valencia,0,20,0,0,0,0,0,0,0,0,0,0,0,0
501,Hugo Guillamon,MID,Valencia,47,20,30,1,4,3,5,0,1,0,0,0,4,0
502,Uros Racic,MID,Valencia,0,20,0,0,0,0,0,0,0,0,0,0,0,0
503,Samu Castillejo,MID,Valencia,34,20,24,2,0,4,4,0,0,0,0,0,0,0
504,Yunus Musah,MID,Valencia,36,20,32,0,2,2,7,0,0,0,0,0,3,0
505,Carlos Soler,MID,Valencia,15,20,6,1,0,1,0,0,0,0,0,0,3,0
506,Manu Vallejo,FWD,Girona,10,20,7,0,1,0,0,0,0,0,0,0,0,0
507,Marcos Andre,FWD,Valencia,17,20,17,1,0,0,2,1,0,0,0,0,1,0
508,Samuel Lino,FWD,Valencia,48,20,40,2,0,2,3,0,0,0,0,0,3,0
509,Hugo Duro,FWD,Valencia,19,20,16,1,0,0,1,0,0,0,0,0,0,0
510,Maximiliano Gomez,FWD,Valencia,3,20,3,0,0,0,0,0,0,0,0,0,0,0
511,Pepe Reina,GK,Villareal,19,20,10,0,0,1,1,0,0,0,4,0,3,1
512,Geronimo Rulli,GK,Villareal,80,20,28,0,0,7,1,0,0,0,12,0,15,2
513,Sergio Carreira,DEF,Villareal,0,20,0,0,0,0,0,0,0,0,0,0,0,0
514,Adrian de la Fuente,DEF,Villareal,0,20,0,0,0,0,0,0,0,0,0,0,0,0
515,Kiko Femenia,DEF,Villareal,33,20,23,0,0,3,0,0,0,0,0,0,0,2
516,Alfonso Pedraza,DEF,Villareal,49,20,21,0,1,6,1,0,0,0,0,0,2,0
517,Jorge Cuenca,DEF,Villareal,0,20,0,0,0,0,0,0,0,0,0,0,0,0
518,Alberto Moreno,DEF,Villareal,13,20,14,0,0,1,4,0,0,0,0,0,0,1
519,Raul Albiol,DEF,Villareal,59,20,34,0,0,7,5,0,0,0,0,0,5,3
520,Pervis Estupinan,DEF,Villareal,0,20,0,0,0,0,0,0,0,0,0,0,0,0
521,Juan Foyth,DEF,Villareal,32,20,15,1,0,3,2,0,0,0,0,0,2,1
522,Pau Torres,DEF,Villareal,60,20,34,0,0,7,7,0,0,0,0,0,7,2
523,Aissa Mandi,DEF,Villareal,21,20,13,0,0,2,0,0,0,0,0,0,0,0
524,Alejandro Baena,MID,Villareal,48,20,27,4,1,3,8,1,0,0,0,0,6,0
525,Manuel Morlanes,MID,Villareal,0,20,0,0,0,0,0,0,0,0,0,0,0,0
526,Javier Ontiveros,MID,Villareal,0,20,0,0,0,0,0,0,0,0,0,0,0,0
527,Nicolas Jackson,FWD,Villareal,35,20,20,2,2,1,1,0,0,0,0,0,2,0
528,Nikita Iosifov,MID,Villareal,0,20,0,0,0,0,0,0,0,0,0,0,0,0
529,Manu Trigueros,MID,Villareal,12,20,13,0,0,1,2,0,0,0,0,0,0,0
530,Francis Coquelin,MID,Villareal,31,20,22,1,0,3,2,0,0,0,0,0,3,0
531,Etienne Capoue,MID,Villareal,35,20,29,0,0,7,1,0,0,0,0,0,0,0
532,Yeremy Pino,MID,Villareal,43,20,30,2,0,5,3,0,0,0,0,0,1,0
533,Dani Parejo,MID,Villareal,77,20,40,1,3,8,2,0,0,0,0,0,17,0
534,Samuel Chukwueze,MID,Villareal,42,20,28,1,2,2,1,0,0,0,0,0,2,0
535,Fernando Nino,FWD,Villareal,0,20,0,0,0,0,0,0,0,0,0,0,0,0
536,Jose Luis Morales,FWD,Villareal,25,20,22,1,0,0,1,0,0,0,0,0,0,0
537,Paco Alcacer,FWD,Villareal,0,20,0,0,0,0,0,0,0,0,0,0,0,0
538,Arnaut Danjuma,FWD,Villareal,24,20,14,2,0,0,0,0,0,0,0,0,2,0
539,Boulaye Dia,FWD,Villareal,0,20,0,0,0,0,0,0,0,0,0,0,0,0
540,Gerard Moreno,FWD,Villareal,51,20,22,5,2,0,2,0,0,1,0,0,7,0
541,Pablo Lumbreras,DEF,Osasuna,14,20,10,0,0,1,0,0,0,0,0,0,0,0
542,Ivan Romero,FWD,Sevilla,0,20,1,0,0,0,1,0,0,0,0,0,0,0
543,Ruben Sanchez Saez,MID,Espanyol,14,20,12,0,1,0,1,0,0,0,0,0,0,0
544,Edu Exposito,MID,Espanyol,43,20,25,2,2,0,2,0,0,0,0,0,4,0
545,Nico Gonzalez,MID,Valencia,22,20,18,1,0,1,0,0,1,0,0,0,0,0
546,Moi Parra,FWD,Getafe,1,20,1,0,0,0,0,0,0,0,0,0,0,0
547,Fran Delgado,DEF,Real Betis,1,20,1,0,0,0,0,0,0,0,0,0,0,0
548,Rober Gonzalez,FWD,Real Betis,1,20,2,0,0,0,1,0,0,0,0,0,0,0
549,John Donald,MID,Elche,1,20,4,0,0,0,0,1,0,0,0,0,0,2
550,Alejandro Alfaro,MID,Elche,1,20,1,0,0,0,0,0,0,0,0,0,0,0
551,Tanguy Nianzou,DEF,Sevilla,20,20,19,1,0,1,1,1,0,0,0,0,0,5
552,Fede San Emeterio,MID,Cadiz,23,20,24,0,0,4,5,0,0,0,0,0,0,0
553,Giovani Lo Celso,MID,Villareal,22,20,14,1,0,4,1,0,0,0,0,0,0,0
554,Pol Lirola,DEF,Elche,13,20,13,1,0,0,1,0,0,0,0,0,0,5
555,Alex Collado,MID,Elche,24,20,13,1,1,0,1,0,0,0,0,0,4,0
556,Domingos Quina,MID,Elche,7,20,11,0,0,0,1,1,0,0,0,0,0,0
557,Leo Baptistao,FWD,Almeria,47,20,27,3,2,1,5,0,0,0,0,0,7,0
558,Javier Hernandez,DEF,Girona,15,20,13,0,1,0,1,0,0,0,0,0,1,1
559,Jose Angel Carmona,DEF,Elche,35,20,20,3,1,0,6,1,0,0,0,0,6,3
560,Juanmi Latasa,FWD,Getafe,10,20,10,0,0,0,0,0,0,0,0,0,0,0
561,Dani Gomez,FWD,Espanyol,6,20,7,0,0,0,1,0,0,0,0,0,0,0
562,Antonio Blanco,MID,Cadiz,5,20,5,0,0,0,0,0,0,0,0,0,0,0
563,Jorgen Larsen,FWD,Celta Vigo,42,20,25,2,3,0,3,0,0,0,0,0,3,0
564,Brian Ocampo,MID,Cadiz,43,20,27,1,1,7,2,0,0,0,0,0,3,0
565,Theo Bongonda,FWD,Cadiz,28,20,19,2,0,5,0,0,0,0,0,0,1,0
566,Edinson Cavani,FWD,Valencia,48,20,24,5,1,0,4,0,0,1,0,0,7,0
567,Marcos Alonso,DEF,FC Barcelona,34,20,17,1,0,3,1,0,0,0,0,0,0,0
568,Hector Bellerin,DEF,FC Barcelona,8,20,4,0,0,1,0,0,0,0,0,0,0,0
569,Ander Herrera,MID,Athletic Club,8,20,10,0,1,1,3,1,0,0,0,0,0,0
570,Sergio Reguilon,DEF,Atletico Madrid,1,20,4,0,0,0,0,1,0,0,0,0,0,0
571,Abdessamad Ezzalzouli,FWD,Osasuna,21,20,19,0,2,1,1,1,0,0,0,0,0,0
572,El Bilal Toure,FWD,Almeria,49,20,25,4,2,0,0,0,0,0,0,0,2,0
573,Paulo Gazzaniga,GK,Girona,38,20,20,0,0,1,1,0,0,0,7,1,5,2
574,Oriol Romeu,MID,Girona,38,20,32,1,0,1,5,0,0,0,0,0,5,0
575,Alexander Sorloth,FWD,Real Sociedad,63,20,30,7,1,0,2,0,0,0,0,0,4,0
576,Kasper Dolberg,FWD,Sevilla,9,20,6,0,1,0,0,0,0,0,0,0,0,0
577,Alvaro Fernandez,GK,Espanyol,32,20,20,0,0,2,0,0,0,0,8,0,1,5
578,Omar El Hilali,DEF,Espanyol,3,20,5,0,0,0,1,0,0,0,0,0,0,1
579,Simo,MID,Espanyol,3,20,3,0,0,0,0,0,0,0,0,0,0,0
580,Andre Almeida,MID,Valencia,51,20,30,2,3,2,2,0,0,0,0,0,2,0
581,Ilaix Moriba,MID,Valencia,13,20,16,0,0,2,2,1,0,0,0,0,0,0
582,Kenedy,MID,Real Valladolid,3,20,4,0,0,0,1,0,0,0,0,0,0,0
583,Ivan Fresneda,DEF,Real Valladolid,18,20,17,0,0,1,1,0,0,0,0,0,0,2
584,Justin Kluivert,MID,Valencia,39,20,19,3,0,1,2,0,0,0,0,0,6,0
585,Kike Salas,DEF,Sevilla,16,20,9,1,1,0,1,1,0,0,0,0,3,1
586,Matija Nastasic,DEF,Mallorca,22,20,13,0,0,3,1,0,0,0,0,0,0,2
587,Nicolas Fernandez,MID,Elche,7,20,11,0,0,0,2,0,1,0,0,0,0,0
588,Lazaro,FWD,Almeria,12,20,8,1,0,0,0,0,0,0,0,0,0,0
589,Federico Fernandez,DEF,Elche,1,20,2,0,0,0,0,0,0,0,0,0,0,1
590,Gonzalo Melero,MID,Almeria,51,20,26,2,3,4,3,0,0,0,0,0,5,0
591,Zouhair Feddal,DEF,Real Valladolid,5,20,7,0,0,0,0,0,0,0,0,0,0,2
592,Lucas Rosa,DEF,Real Valladolid,17,20,15,0,0,1,1,0,0,0,0,0,0,1
593,Fernando Pacheco,GK,Almeria,2,20,2,0,0,0,0,0,0,0,1,0,0,1
594,Jordan Amavi,DEF,Celta Vigo,5,20,4,0,0,1,0,1,0,0,0,0,0,0
595,Adnan Januzaj,MID,Sevilla,2,20,2,0,0,0,0,0,0,0,0,0,0,0
596,Pablo Marin,MID,Real Sociedad,10,20,9,0,0,2,1,0,0,0,0,0,0,0
597,Juan Cruz Betis,MID,Real Betis,8,20,3,1,0,0,0,0,0,0,0,0,0,0
598,Cenk Ozkacar,DEF,Valencia,10,20,8,0,0,1,1,0,0,0,0,0,0,1
599,Abdul Mumin,DEF,Rayo Vallecano,2,20,3,0,0,0,0,0,0,0,0,0,0,1
600,Pablo Barrios,MID,Atletico Madrid,8,20,7,0,0,2,1,0,0,0,0,0,0,0
601,Omar Alderete,DEF,Getafe,15,20,11,0,0,1,2,0,0,0,0,0,3,1
602,Tino Kadewere,FWD,Real Mallorca,4,20,4,0,0,0,0,0,0,0,0,0,0,0
603,Lautaro Blanco,DEF,Elche,8,20,7,0,1,0,1,0,0,0,0,0,0,1
604,Luis Suarez,FWD,Almeria,11,20,7,1,0,0,0,0,0,0,0,0,0,0
605,Loic Bade,DEF,Sevilla,16,20,9,0,0,2,0,0,0,0,0,0,0,1
606,Diego Moreno,DEF,Osasuna,18,20,10,0,0,2,0,0,0,0,0,0,0,0
607,Cesar Montes,DEF,Espanyol,9,20,7,0,0,1,2,0,0,0,0,0,1,1
608,Abner Vinicius,DEF,Real Betis,4,20,5,0,0,0,0,0,0,0,0,0,0,1
609,David Torres,DEF,Real Valladolid,2,20,3,0,0,0,0,0,0,0,0,0,0,1
610,Darwin Machis,FWD,Real Valladolid,10,20,4,0,1,2,0,0,0,0,0,0,3,0
611,Cyle Larin,FWD,Real Valladolid,11,20,2,2,0,0,1,0,0,0,0,0,2,0
612,Gonzalo Escalante,MID,Cadiz,8,20,2,1,0,0,0,0,0,0,0,0,1,0
613,Ronael Pierre-Gabriel,DEF,Espanyol,-2,20,1,0,0,0,0,1,0,0,0,0,0,0
614,Ayoze Perez,MID,Real Betis,1,20,1,0,0,0,0,0,0,0,0,0,0,0
615,Haris Seferovic,FWD,Celta Vigo,1,20,1,0,0,0,0,0,0,0,0,0,0,0
616,Pape Gueye,MID,Sevilla,2,20,2,0,0,0,0,0,0,0,0,0,0,0
617,Bryan Gil,FWD,Sevilla,1,20,1,0,0,0,0,0,0,0,0,0,0,0
618,Matt Doherty,DEF,Atletico Madrid,0,20,0,0,0,0,0,0,0,0,0,0,0,0
619,Ludwig Augustinsson,DEF,Real Mallorca,0,20,0,0,0,0,0,0,0,0,0,0,0,0
620,Martin Hongla,DEF,Real Valladolid,0,20,0,0,0,0,0,0,0,0,0,0,0,0
>>>>>>> dc36b222130aca57ca441db45d080ebbf639581f
